Box_ID,BoxNumber,BoxedDate,JobNumber,Amazon_PO,ASIN,total_units,Session_ID,Weight
18744A29001,1,7/28/17,,1T4M9SBK,B000P1S0NI,12,1E18744-A29,4.80
18744A29002,2,7/28/17,,1T4M9SBK,B000P1S0NI,12,1E18744-A29,4.80
18744A29002,2,7/28/17,,1T4M9SBK,B00099XJXC,20,1E18744-A29,6.60
18744A29003,3,7/28/17,,1T4M9SBK,B000P1S0NI,12,1E18744-A29,4.80
18744A29004,4,7/28/17,,1T4M9SBK,B000P1S0NI,12,1E18744-A29,4.80
18744A29005,5,7/28/17,,1T4M9SBK,B000P1S0NI,12,1E18744-A29,4.80
18744A29006,6,7/28/17,,1T4M9SBK,B000P1S0NI,12,1E18744-A29,4.80
18744A29007,7,7/28/17,,1T4M9SBK,B000P1S0NI,12,1E18744-A29,4.80
18744A29008,8,7/28/17,,1T4M9SBK,B000P1S0NI,12,1E18744-A29,4.80
18744A29009,9,7/28/17,,1T4M9SBK,B000P1S0NI,12,1E18744-A29,4.80
18744A29010,10,7/28/17,,1T4M9SBK,B000P1S0NI,12,1E18744-A29,4.80
18744A29011,11,7/28/17,,1T4M9SBK,B000P1S0NI,12,1E18744-A29,4.80
18744A29011,11,7/28/17,,1T4M9SBK,B000GCHKKK,12,1E18744-A29,2.64
18744A29011,11,7/28/17,,1T4M9SBK,B0046X70J6,107,1E18744-A29,5.35
18744A29012,12,7/28/17,,1T4M9SBK,B000P1S0NI,12,1E18744-A29,4.80
18744A29013,13,7/28/17,,1T4M9SBK,B000P1S0NI,12,1E18744-A29,4.80
18744A29014,14,7/28/17,,1T4M9SBK,B000P1S0NI,12,1E18744-A29,4.80
18744A29015,15,7/28/17,,1T4M9SBK,B000P1S0NI,12,1E18744-A29,4.80
18744A29015,15,7/28/17,,1T4M9SBK,B00GCZ9X5K,3,1E18744-A29,0.00
18744A29016,16,7/28/17,,1T4M9SBK,B000P1S0NI,12,1E18744-A29,4.80
18744A29017,17,7/28/17,,1T4M9SBK,B000092YOX,9,1E18744-A29,3.15
18744A29017,17,7/28/17,,1T4M9SBK,B0006GBENK,12,1E18744-A29,3.60
18732A29001,1,7/28/17,,1MHKL13I,B000092YOX,3,1E18732-A29,1.05
18732A29001,1,7/28/17,,1MHKL13I,B000GG0FP8,9,1E18732-A29,0.72
18732A29001,1,7/28/17,,1MHKL13I,B003H3OQTS,108,1E18732-A29,10.80
18805A29001,1,7/28/17,,4S5LSBAC,B019HZR2N6,4,1E18805-A29,40.00
18797A29001,1,7/28/17,,4L2CINBX,B019HZR2N6,4,1E18797-A29,40.00
18751A29001,1,7/28/17,,1Y7OH95A,B00411H8WC,24,1E18751-A29,6.48
18744A29018,18,7/28/17,,1T4M9SBK,B000P1S0NI,12,1E18744-A29,4.80
18744A29018,18,7/28/17,,1T4M9SBK,B004WP0S74,12,1E18744-A29,0.00
18824A29001,1,7/28/17,,7A6ROG1M,B00GRPGLUU,12,1E18824-A29,0.00
18824A29001,1,7/28/17,,7A6ROG1M,B00029F4TQ,12,1E18824-A29,1.92
18824A29001,1,7/28/17,,7A6ROG1M,B00014DRA0,12,1E18824-A29,0.96
18824A29001,1,7/28/17,,7A6ROG1M,B00B7UZF6G,24,1E18824-A29,1.20
18824A29001,1,7/28/17,,7A6ROG1M,B0015C5OXU,12,1E18824-A29,0.00
18824A29001,1,7/28/17,,7A6ROG1M,B001EBSRDG,12,1E18824-A29,0.00
18824A29001,1,7/28/17,,7A6ROG1M,B00O9A1Q5K,8,1E18824-A29,1.28
18800A29001,1,7/28/17,,4L2CINBX,B00016X3KC,12,1E18800-A29,0.00
18800A29001,1,7/28/17,,4L2CINBX,B00394LNMI,42,1E18800-A29,16.80
18800A29001,1,7/28/17,,4L2CINBX,B00XAJI1AE,24,1E18800-A29,1.92
18800A29001,1,7/28/17,,4L2CINBX,B000VH6MEK,24,1E18800-A29,0.00
18751A29002,2,7/28/17,,1Y7OH95A,B005X9IUB4,18,1E18751-A29,15.30
18751A29003,3,7/28/17,,1Y7OH95A,B005X9IUB4,10,1E18751-A29,8.50
18751A29003,3,7/28/17,,1Y7OH95A,B000GG0FP8,52,1E18751-A29,4.16
18778A29001,1,7/28/17,,3CG6GBHR,B005X9IUB4,12,1E18778-A29,10.20
18778A29001,1,7/28/17,,3CG6GBHR,B00IGGZA00,12,1E18778-A29,11.16
18798A29001,1,7/28/17,,4L2CINBX,B005X9IUB4,18,1E18798-A29,15.30
18798A29002,2,7/28/17,,4L2CINBX,B005X9IUB4,18,1E18798-A29,15.30
18798A29003,3,7/28/17,,4L2CINBX,B005X9IUB4,8,1E18798-A29,6.80
18798A29003,3,7/28/17,,4L2CINBX,B01J1KD470,12,1E18798-A29,4.20
18798A29003,3,7/28/17,,4L2CINBX,B000GCIAQS,12,1E18798-A29,1.80
18798A29003,3,7/28/17,,4L2CINBX,B000MT1SLY,12,1E18798-A29,2.40
18806A29001,1,7/28/17,,4S5LSBAC,B005X9IUB4,6,1E18806-A29,5.10
18806A29001,1,7/28/17,,4S5LSBAC,B000GCIAQS,12,1E18806-A29,1.80
18806A29001,1,7/28/17,,4S5LSBAC,B00FW2BR0S,12,1E18806-A29,4.20
18806A29001,1,7/28/17,,4S5LSBAC,B015QMLYY2,36,1E18806-A29,7.20
18781A29001,1,7/28/17,,3CG6GBHR,B00ZXVXVFC,1,1E18781-A29,0.00
18781A29001,1,7/28/17,,3CG6GBHR,B004IMJO8U,1,1E18781-A29,0.02
18781A29001,1,7/28/17,,3CG6GBHR,B0000CESNS,1,1E18781-A29,0.00
18781A29001,1,7/28/17,,3CG6GBHR,B00XIMO4JU,2,1E18781-A29,0.00
18781A29001,1,7/28/17,,3CG6GBHR,B0029W7RYY,12,1E18781-A29,0.00
18781A29001,1,7/28/17,,3CG6GBHR,B0009YHRR6,1,1E18781-A29,0.00
18781A29001,1,7/28/17,,3CG6GBHR,B0019I3KT0,24,1E18781-A29,3.12
18808A29001,1,7/28/17,,4S5LSBAC,B00FGKWRIC,1,1E18808-A29,1.05
18808A29001,1,7/28/17,,4S5LSBAC,B009MRGV4G,12,1E18808-A29,6.60
18808A29001,1,7/28/17,,4S5LSBAC,B000KNLRA4,12,1E18808-A29,1.80
18808A29001,1,7/28/17,,4S5LSBAC,B004IMJO8U,1,1E18808-A29,0.02
18808A29001,1,7/28/17,,4S5LSBAC,B000BYU1AO,12,1E18808-A29,0.60
18808A29001,1,7/28/17,,4S5LSBAC,B010PD5XQM,20,1E18808-A29,6.00
18808A29001,1,7/28/17,,4S5LSBAC,B014SMI8GI,1,1E18808-A29,0.02
18808A29001,1,7/28/17,,4S5LSBAC,B003VVXUU2,16,1E18808-A29,4.00
18732A29002,2,7/28/17,,1MHKL13I,B001THDDFC,60,1E18732-A29,12.00
18747A29001,1,7/28/17,,1T4M9SBK,B014SN3NVC,10,1E18747-A29,7.00
18747A29002,2,7/28/17,,1T4M9SBK,B014SN3NVC,2,1E18747-A29,1.40
18747A29002,2,7/28/17,,1T4M9SBK,B014SMIESU,3,1E18747-A29,2.10
18747A29002,2,7/28/17,,1T4M9SBK,B0007XNOAS,12,1E18747-A29,11.52
18751A29004,4,7/28/17,,1Y7OH95A,B001THDDFC,72,1E18751-A29,14.40
18751A29005,5,7/28/17,,1Y7OH95A,B00843E5NS,24,1E18751-A29,1.20
18751A29006,6,7/28/17,,1Y7OH95A,B00843E5NS,24,1E18751-A29,1.20
18751A29007,7,7/28/17,,1Y7OH95A,B00843E5NS,24,1E18751-A29,1.20
18751A29008,8,7/28/17,,1Y7OH95A,B00843E5NS,24,1E18751-A29,1.20
18751A29009,9,7/28/17,,1Y7OH95A,B00843E5NS,24,1E18751-A29,1.20
18751A29010,10,7/28/17,,1Y7OH95A,B00843E5NS,24,1E18751-A29,1.20
18751A29011,11,7/28/17,,1Y7OH95A,B00843E5NS,24,1E18751-A29,1.20
18751A29011,11,7/28/17,,1Y7OH95A,B001BJ6OCM,20,1E18751-A29,0.40
18751A29011,11,7/28/17,,1Y7OH95A,B01INL7XXO,12,1E18751-A29,4.44
18751A29012,12,7/28/17,,1Y7OH95A,B00843E5NS,24,1E18751-A29,1.20
18751A29013,13,7/28/17,,1Y7OH95A,B00843E5NS,24,1E18751-A29,1.20
18751A29014,14,7/28/17,,1Y7OH95A,B00843E5NS,24,1E18751-A29,1.20
18751A29014,14,7/28/17,,1Y7OH95A,B00126LXNO,19,1E18751-A29,6.27
18751A29014,14,7/28/17,,1Y7OH95A,B00S4RT9WG,12,1E18751-A29,0.00
18751A29014,14,7/28/17,,1Y7OH95A,B00H3T4PQ6,12,1E18751-A29,6.00
18751A29015,15,7/28/17,,1Y7OH95A,B00843E5NS,24,1E18751-A29,1.20
18751A29016,16,7/28/17,,1Y7OH95A,B00843E5NS,24,1E18751-A29,1.20
18751A29017,17,7/28/17,,1Y7OH95A,B00843E5NS,24,1E18751-A29,1.20
18751A29017,17,7/28/17,,1Y7OH95A,B00K7RQ1KE,12,1E18751-A29,0.00
18751A29017,17,7/28/17,,1Y7OH95A,B001BKU6DO,24,1E18751-A29,3.60
18751A29018,18,7/28/17,,1Y7OH95A,B00843E5NS,24,1E18751-A29,1.20
18751A29018,18,7/28/17,,1Y7OH95A,B000GCL2WC,2,1E18751-A29,0.56
18751A29018,18,7/28/17,,1Y7OH95A,B003YFPB5W,72,1E18751-A29,3.60
18751A29018,18,7/28/17,,1Y7OH95A,B00126LXNO,29,1E18751-A29,9.57
18751A29019,19,7/28/17,,1Y7OH95A,B00843E5NS,24,1E18751-A29,1.20
18751A29019,19,7/28/17,,1Y7OH95A,B0089S02TO,20,1E18751-A29,0.00
18751A29019,19,7/28/17,,1Y7OH95A,B015OAOFZQ,1,1E18751-A29,0.75
18751A29019,19,7/28/17,,1Y7OH95A,B005P0GD5G,36,1E18751-A29,1.80
18751A29020,20,7/28/17,,1Y7OH95A,B00843E5NS,24,1E18751-A29,1.20
18751A29020,20,7/28/17,,1Y7OH95A,B003H3OQTS,168,1E18751-A29,16.80
18751A29020,20,7/28/17,,1Y7OH95A,B00IGGZA00,12,1E18751-A29,11.16
18751A29021,21,7/28/17,,1Y7OH95A,B00843E5NS,24,1E18751-A29,1.20
18751A29022,22,7/28/17,,1Y7OH95A,B00843E5NS,24,1E18751-A29,1.20
18751A29023,23,7/28/17,,1Y7OH95A,B00843E5NS,24,1E18751-A29,1.20
18751A29024,24,7/28/17,,1Y7OH95A,B00843E5NS,24,1E18751-A29,1.20
18751A29025,25,7/28/17,,1Y7OH95A,B00843E5NS,24,1E18751-A29,1.20
18751A29026,26,7/28/17,,1Y7OH95A,B00843E5NS,24,1E18751-A29,1.20
18751A29027,27,7/28/17,,1Y7OH95A,B00843E5NS,24,1E18751-A29,1.20
18751A29028,28,7/28/17,,1Y7OH95A,B00843E5NS,24,1E18751-A29,1.20
18751A29029,29,7/28/17,,1Y7OH95A,B00843E5NS,24,1E18751-A29,1.20
18751A29030,30,7/28/17,,1Y7OH95A,B00843E5NS,24,1E18751-A29,1.20
18751A29031,31,7/28/17,,1Y7OH95A,B00843E5NS,24,1E18751-A29,1.20
18751A29032,32,7/28/17,,1Y7OH95A,B00843E5NS,24,1E18751-A29,1.20
18751A29033,33,7/28/17,,1Y7OH95A,B00843E5NS,24,1E18751-A29,1.20
18751A29034,34,7/28/17,,1Y7OH95A,B00843E5NS,24,1E18751-A29,1.20
18751A29035,35,7/28/17,,1Y7OH95A,B00843E5NS,24,1E18751-A29,1.20
18751A29036,36,7/28/17,,1Y7OH95A,B00843E5NS,24,1E18751-A29,1.20
18751A29037,37,7/28/17,,1Y7OH95A,B00843E5NS,24,1E18751-A29,1.20
18751A29038,38,7/28/17,,1Y7OH95A,B00843E5NS,24,1E18751-A29,1.20
18798A29004,4,7/28/17,,4L2CINBX,B00843E5NS,24,1E18798-A29,1.20
18798A29005,5,7/28/17,,4L2CINBX,B00843E5NS,24,1E18798-A29,1.20
18798A29005,5,7/28/17,,4L2CINBX,B00HTIUFEW,36,1E18798-A29,5.04
18798A29005,5,7/28/17,,4L2CINBX,B000NJZKNA,18,1E18798-A29,2.70
18798A29006,6,7/28/17,,4L2CINBX,B00843E5NS,24,1E18798-A29,1.20
18798A29007,7,7/28/17,,4L2CINBX,B00843E5NS,24,1E18798-A29,1.20
18798A29008,8,7/28/17,,4L2CINBX,B00843E5NS,24,1E18798-A29,1.20
18751A29039,39,7/28/17,,1Y7OH95A,B00843E5NS,22,1E18751-A29,1.10
18732A29003,3,7/28/17,,1MHKL13I,B0005YX9PE,12,1E18732-A29,0.00
18732A29004,4,7/28/17,,1MHKL13I,B000GG1S5O,12,1E18732-A29,0.00
18751A29040,40,7/28/17,,1Y7OH95A,B0005YX9PE,12,1E18751-A29,0.00
18751A29041,41,7/28/17,,1Y7OH95A,B000GG1S5O,12,1E18751-A29,0.00
18778A29002,2,7/28/17,,3CG6GBHR,B0005YX9PE,12,1E18778-A29,0.00
18798A29009,9,7/28/17,,4L2CINBX,B0005YX9PE,12,1E18798-A29,0.00
18798A29010,10,7/28/17,,4L2CINBX,B000GG1S5O,12,1E18798-A29,0.00
18806A29002,2,7/28/17,,4S5LSBAC,B0005YX9PE,12,1E18806-A29,0.00
18751A29042,42,7/28/17,,1Y7OH95A,B001V9MP52,48,1E18751-A29,26.40
18751A29042,42,7/28/17,,1Y7OH95A,B01J1KD470,24,1E18751-A29,8.40
18800A29002,2,7/28/17,,4L2CINBX,B00394LNMI,18,1E18800-A29,7.20
18800A29002,2,7/28/17,,4L2CINBX,B00AJZOIZY,6,1E18800-A29,0.00
18800A29002,2,7/28/17,,4L2CINBX,B00099Z2OQ,12,1E18800-A29,8.04
18800A29002,2,7/28/17,,4L2CINBX,B00261TAUW,12,1E18800-A29,0.00
18744A29019,19,7/28/17,,1T4M9SBK,B01IF56PIC,12,1E18744-A29,14.28
18798A29011,11,7/28/17,,4L2CINBX,B001V9MP52,24,1E18798-A29,13.20
18798A29011,11,7/28/17,,4L2CINBX,B000GG0FP8,26,1E18798-A29,2.08
18798A29011,11,7/28/17,,4L2CINBX,B01J1KD470,12,1E18798-A29,4.20
18798A29011,11,7/28/17,,4L2CINBX,B00IGGZA00,18,1E18798-A29,16.74
18778A29003,3,7/28/17,,3CG6GBHR,B00DF70ER4,4,1E18778-A29,5.60
18800A29003,3,7/28/17,,4L2CINBX,B00394LNMI,12,1E18800-A29,4.80
18800A29003,3,7/28/17,,4L2CINBX,B00099Z2OQ,11,1E18800-A29,7.37
18800A29003,3,7/28/17,,4L2CINBX,B001GJCZPC,24,1E18800-A29,3.60
18800A29003,3,7/28/17,,4L2CINBX,B00BS8YNG0,12,1E18800-A29,0.00
18800A29003,3,7/28/17,,4L2CINBX,B00029F4TQ,12,1E18800-A29,1.92
18800A29003,3,7/28/17,,4L2CINBX,B00016AHRY,12,1E18800-A29,0.00
18800A29003,3,7/28/17,,4L2CINBX,B00GRPGLUU,12,1E18800-A29,0.00
18800A29003,3,7/28/17,,4L2CINBX,B002FJW4F8,3,1E18800-A29,0.00
18798A29012,12,7/28/17,,4L2CINBX,B01ANSKV3O,3,1E18798-A29,25.56
18798A29013,13,7/28/17,,4L2CINBX,B01ANSKV3O,4,1E18798-A29,34.08
18806A29003,3,7/28/17,,4S5LSBAC,B000GG0FP8,24,1E18806-A29,1.92
18806A29003,3,7/28/17,,4S5LSBAC,B003H3OQTS,156,1E18806-A29,15.60
18751A29043,43,7/28/17,,1Y7OH95A,B001THDDFC,72,1E18751-A29,14.40
18798A29014,14,7/28/17,,4L2CINBX,B001282G7E,18,1E18798-A29,14.40
18798A29014,14,7/28/17,,4L2CINBX,B00843E5NS,2,1E18798-A29,0.10
18806A29004,4,7/28/17,,4S5LSBAC,B00RENOWXM,36,1E18806-A29,0.00
18747A29003,3,7/28/17,,1T4M9SBK,B003OHCZ04,10,1E18747-A29,13.50
18747A29004,4,7/28/17,,1T4M9SBK,B003OHCZ04,10,1E18747-A29,13.50
18747A29005,5,7/28/17,,1T4M9SBK,B003OHCZ04,10,1E18747-A29,13.50
18806A29005,5,7/28/17,,4S5LSBAC,B00RENOWXM,36,1E18806-A29,0.00
18732A29005,5,7/28/17,,1MHKL13I,B00BH4AJ36,6,1E18732-A29,1.80
18751A29044,44,7/28/17,,1Y7OH95A,B00BH4AJ36,18,1E18751-A29,5.40
18751A29045,45,7/28/17,,1Y7OH95A,B003H3OQTS,216,1E18751-A29,21.60
18800A29004,4,7/28/17,,4L2CINBX,B00A2EX5S8,12,1E18800-A29,0.00
18800A29004,4,7/28/17,,4L2CINBX,B0002JG7SS,12,1E18800-A29,0.00
18800A29004,4,7/28/17,,4L2CINBX,B0001TMDF0,12,1E18800-A29,8.64
18798A29015,15,7/28/17,,4L2CINBX,B00EKONU1I,3,1E18798-A29,0.00
18798A29015,15,7/28/17,,4L2CINBX,B00XJKL33G,12,1E18798-A29,0.00
18798A29015,15,7/28/17,,4L2CINBX,B00822AM9M,3,1E18798-A29,1.80
18751A29046,46,7/28/17,,1Y7OH95A,B00IKGBU3M,4,1E18751-A29,0.00
18751A29047,47,7/28/17,,1Y7OH95A,B00IKGBU3M,3,1E18751-A29,0.00
18751A29047,47,7/28/17,,1Y7OH95A,B00RENOWXM,24,1E18751-A29,0.00
18747A29006,6,7/28/17,,1T4M9SBK,B0007XNOAS,25,1E18747-A29,24.00
18751A29048,48,7/28/17,,1Y7OH95A,B00411H8WC,24,1E18751-A29,6.48
18747A29007,7,7/28/17,,1T4M9SBK,B0007XNOAS,25,1E18747-A29,24.00
18747A29008,8,7/28/17,,1T4M9SBK,B0007XNOAS,25,1E18747-A29,24.00
18747A29009,9,7/28/17,,1T4M9SBK,B0007XNOAS,25,1E18747-A29,24.00
18747A29010,10,7/28/17,,1T4M9SBK,B0007XNOAS,25,1E18747-A29,24.00
18800A29005,5,7/28/17,,4L2CINBX,B00AJZOIZY,6,1E18800-A29,0.00
18800A29005,5,7/28/17,,4L2CINBX,B008O7D4KY,12,1E18800-A29,16.20
18806A29006,6,7/28/17,,4S5LSBAC,B00411H8WC,24,1E18806-A29,6.48
18798A29016,16,7/28/17,,4L2CINBX,B00411H8WC,24,1E18798-A29,6.48
18798A29017,17,7/28/17,,4L2CINBX,B00411H8WC,24,1E18798-A29,6.48
18798A29018,18,7/28/17,,4L2CINBX,B00ANL4WKK,144,1E18798-A29,28.80
18806A29007,7,7/28/17,,4S5LSBAC,B00ANL4WKK,36,1E18806-A29,7.20
18798A29019,19,7/28/17,,4L2CINBX,B003H3OQTS,108,1E18798-A29,10.80
18806A29008,8,7/28/17,,4S5LSBAC,B00FW2BR0S,48,1E18806-A29,16.80
18800A29006,6,7/28/17,,4L2CINBX,B0001TMDF0,48,1E18800-A29,34.56
18732A29006,6,7/28/17,,1MHKL13I,B00K7RQ1KE,24,1E18732-A29,0.00
18732A29006,6,7/28/17,,1MHKL13I,B00XJKL33G,12,1E18732-A29,0.00
18732A29006,6,7/28/17,,1MHKL13I,B009LRVC0K,10,1E18732-A29,9.00
18806A29009,9,7/28/17,,4S5LSBAC,B00XJKL33G,12,1E18806-A29,0.00
18806A29009,9,7/28/17,,4S5LSBAC,B00IGGZA00,12,1E18806-A29,11.16
18806A29010,10,7/28/17,,4S5LSBAC,B00RENOWXM,24,1E18806-A29,0.00
18806A29011,11,7/28/17,,4S5LSBAC,B009LRVC0K,20,1E18806-A29,18.00
18751A29049,49,7/28/17,,1Y7OH95A,B00RENOWXM,12,1E18751-A29,0.00
18781A29002,2,7/28/17,,3CG6GBHR,B000JILUYI,24,1E18781-A29,12.00
18732A29007,7,7/28/17,,1MHKL13I,B009LRVC0K,18,1E18732-A29,16.20
18732A29008,8,7/28/17,,1MHKL13I,B009LRVC0K,18,1E18732-A29,16.20
18732A29009,9,7/28/17,,1MHKL13I,B009LRVC0K,18,1E18732-A29,16.20
18732A29010,10,7/28/17,,1MHKL13I,B009LRVC0K,18,1E18732-A29,16.20
18732A29011,11,7/28/17,,1MHKL13I,B009LRVC0K,18,1E18732-A29,16.20
18732A29012,12,7/28/17,,1MHKL13I,B009LRVC0K,18,1E18732-A29,16.20
18732A29013,13,7/28/17,,1MHKL13I,B009LRVC0K,18,1E18732-A29,16.20
18751A29050,50,7/28/17,,1Y7OH95A,B000GGFZLC,48,1E18751-A29,3.36
18798A29020,20,7/28/17,,4L2CINBX,B000GGFZLC,24,1E18798-A29,1.68
18798A29020,20,7/28/17,,4L2CINBX,B00KCEKKPO,35,1E18798-A29,11.90
18744A29020,20,7/28/17,,1T4M9SBK,B00DTI7CIS,24,1E18744-A29,26.40
18744A29021,21,7/28/17,,1T4M9SBK,B00DTI7CIS,24,1E18744-A29,26.40
18744A29022,22,7/28/17,,1T4M9SBK,B00DTI7CIS,24,1E18744-A29,26.40
18800A29007,7,7/28/17,,4L2CINBX,B005P0X2Q4,55,1E18800-A29,0.00
18800A29007,7,7/28/17,,4L2CINBX,B00J4KW370,12,1E18800-A29,0.48
18800A29007,7,7/28/17,,4L2CINBX,B002FJW4F8,9,1E18800-A29,0.00
18751A29051,51,7/28/17,,1Y7OH95A,B00443AN92,8,1E18751-A29,6.40
18751A29052,52,7/28/17,,1Y7OH95A,B00443AN92,8,1E18751-A29,6.40
18751A29053,53,7/28/17,,1Y7OH95A,B00443AN92,8,1E18751-A29,6.40
18751A29054,54,7/28/17,,1Y7OH95A,B00443AN92,8,1E18751-A29,6.40
18751A29055,55,7/28/17,,1Y7OH95A,B00443AN92,8,1E18751-A29,6.40
18751A29056,56,7/28/17,,1Y7OH95A,B00443AN92,8,1E18751-A29,6.40
18751A29057,57,7/28/17,,1Y7OH95A,B00443AN92,8,1E18751-A29,6.40
18751A29058,58,7/28/17,,1Y7OH95A,B00443AN92,8,1E18751-A29,6.40
18798A29021,21,7/28/17,,4L2CINBX,B000GCURBO,24,1E18798-A29,20.40
18798A29022,22,7/28/17,,4L2CINBX,B000GCURBO,24,1E18798-A29,20.40
18798A29023,23,7/28/17,,4L2CINBX,B000GCURBO,24,1E18798-A29,20.40
18798A29024,24,7/28/17,,4L2CINBX,B000GCURBO,24,1E18798-A29,20.40
18798A29025,25,7/28/17,,4L2CINBX,B000GCURBO,24,1E18798-A29,20.40
18798A29026,26,7/28/17,,4L2CINBX,B000GCURBO,24,1E18798-A29,20.40
18798A29027,27,7/28/17,,4L2CINBX,B000GCURBO,24,1E18798-A29,20.40
18798A29028,28,7/28/17,,4L2CINBX,B000GCURBO,24,1E18798-A29,20.40
18798A29029,29,7/28/17,,4L2CINBX,B000GCURBO,24,1E18798-A29,20.40
18798A29030,30,7/28/17,,4L2CINBX,B000GCURBO,24,1E18798-A29,20.40
18751A29059,59,7/28/17,,1Y7OH95A,B018GXS7WK,60,1E18751-A29,6.00
18732A29014,14,7/28/17,,1MHKL13I,B00822AM9M,12,1E18732-A29,7.20
18800A29008,8,7/28/17,,4L2CINBX,B000ZFCDFA,12,1E18800-A29,0.00
18778A29004,4,7/28/17,,3CG6GBHR,B018GXS7WK,10,1E18778-A29,1.00
18732A29015,15,7/28/17,,1MHKL13I,B00ANL4WKK,6,1E18732-A29,1.20
18732A29015,15,7/28/17,,1MHKL13I,B005P0GD5G,24,1E18732-A29,1.20
18798A29031,31,7/28/17,,4L2CINBX,B00289H2FC,12,1E18798-A29,0.00
18744A29023,23,7/28/17,,1T4M9SBK,B00FBP3BIM,6,1E18744-A29,16.50
18744A29024,24,7/28/17,,1T4M9SBK,B00FBP3BIM,6,1E18744-A29,16.50
18744A29025,25,7/28/17,,1T4M9SBK,B00FBP3BIM,6,1E18744-A29,16.50
18744A29026,26,7/28/17,,1T4M9SBK,B00FBP3BIM,6,1E18744-A29,16.50
18744A29027,27,7/28/17,,1T4M9SBK,B00FBP3BIM,6,1E18744-A29,16.50
18744A29028,28,7/28/17,,1T4M9SBK,B00FBP3BIM,6,1E18744-A29,16.50
18744A29029,29,7/28/17,,1T4M9SBK,B00FBP3BIM,6,1E18744-A29,16.50
18744A29030,30,7/28/17,,1T4M9SBK,B00FBP3BIM,6,1E18744-A29,16.50
18744A29031,31,7/28/17,,1T4M9SBK,B00FBP3BIM,6,1E18744-A29,16.50
18744A29032,32,7/28/17,,1T4M9SBK,B00FBP3BIM,6,1E18744-A29,16.50
18744A29033,33,7/28/17,,1T4M9SBK,B00FBP3BIM,6,1E18744-A29,16.50
18744A29034,34,7/28/17,,1T4M9SBK,B00FBP3BIM,6,1E18744-A29,16.50
18744A29035,35,7/28/17,,1T4M9SBK,B00FBP3BIM,6,1E18744-A29,16.50
18744A29036,36,7/28/17,,1T4M9SBK,B00FBP3BIM,6,1E18744-A29,16.50
18744A29037,37,7/28/17,,1T4M9SBK,B00FBP3BIM,6,1E18744-A29,16.50
18798A29032,32,7/28/17,,4L2CINBX,B000GCHWLC,24,1E18798-A29,12.00
18798A29033,33,7/28/17,,4L2CINBX,B000GCHWLC,24,1E18798-A29,12.00
18798A29034,34,7/28/17,,4L2CINBX,B000GCHWLC,24,1E18798-A29,12.00
18798A29035,35,7/28/17,,4L2CINBX,B0089S02TO,13,1E18798-A29,0.00
18798A29035,35,7/28/17,,4L2CINBX,B01AUJ16SA,1,1E18798-A29,3.60
18798A29035,35,7/28/17,,4L2CINBX,B00B6QWZPU,40,1E18798-A29,0.00
18751A29060,60,7/28/17,,1Y7OH95A,B000GCHWLC,24,1E18751-A29,12.00
18806A29012,12,7/28/17,,4S5LSBAC,B01J1221VS,12,1E18806-A29,4.32
18806A29013,13,7/28/17,,4S5LSBAC,B01J1221VS,12,1E18806-A29,4.32
18806A29014,14,7/28/17,,4S5LSBAC,B01J1221VS,12,1E18806-A29,4.32
18806A29015,15,7/28/17,,4S5LSBAC,B01J1221VS,12,1E18806-A29,4.32
18806A29016,16,7/28/17,,4S5LSBAC,B01J1221VS,12,1E18806-A29,4.32
18806A29017,17,7/28/17,,4S5LSBAC,B01J1221VS,12,1E18806-A29,4.32
18806A29018,18,7/28/17,,4S5LSBAC,B01J1221VS,12,1E18806-A29,4.32
18806A29019,19,7/28/17,,4S5LSBAC,B01J1221VS,12,1E18806-A29,4.32
18806A29020,20,7/28/17,,4S5LSBAC,B01J1221VS,12,1E18806-A29,4.32
18806A29021,21,7/28/17,,4S5LSBAC,B01J1221VS,12,1E18806-A29,4.32
18806A29022,22,7/28/17,,4S5LSBAC,B01J1221VS,12,1E18806-A29,4.32
18806A29023,23,7/28/17,,4S5LSBAC,B01J1221VS,12,1E18806-A29,4.32
18806A29024,24,7/28/17,,4S5LSBAC,B01J1221VS,12,1E18806-A29,4.32
18806A29025,25,7/28/17,,4S5LSBAC,B01J1221VS,12,1E18806-A29,4.32
18806A29026,26,7/28/17,,4S5LSBAC,B01J1221VS,12,1E18806-A29,4.32
18806A29027,27,7/28/17,,4S5LSBAC,B01J1221VS,12,1E18806-A29,4.32
18806A29028,28,7/28/17,,4S5LSBAC,B01J1221VS,12,1E18806-A29,4.32
18806A29029,29,7/28/17,,4S5LSBAC,B01J1221VS,12,1E18806-A29,4.32
18806A29030,30,7/28/17,,4S5LSBAC,B01J1221VS,12,1E18806-A29,4.32
18806A29031,31,7/28/17,,4S5LSBAC,B01J1221VS,12,1E18806-A29,4.32
18806A29032,32,7/28/17,,4S5LSBAC,B01J1221VS,12,1E18806-A29,4.32
18806A29033,33,7/28/17,,4S5LSBAC,B01J1221VS,12,1E18806-A29,4.32
18806A29034,34,7/28/17,,4S5LSBAC,B01J1221VS,12,1E18806-A29,4.32
18806A29035,35,7/28/17,,4S5LSBAC,B01J1221VS,12,1E18806-A29,4.32
18806A29036,36,7/28/17,,4S5LSBAC,B01J1221VS,12,1E18806-A29,4.32
18806A29037,37,7/28/17,,4S5LSBAC,B01J1221VS,12,1E18806-A29,4.32
18806A29038,38,7/28/17,,4S5LSBAC,B01J1221VS,12,1E18806-A29,4.32
18806A29039,39,7/28/17,,4S5LSBAC,B01J1221VS,12,1E18806-A29,4.32
18732A29016,16,7/28/17,,1MHKL13I,B01J1221VS,12,1E18732-A29,4.32
18732A29017,17,7/28/17,,1MHKL13I,B01J1221VS,12,1E18732-A29,4.32
18732A29018,18,7/28/17,,1MHKL13I,B01J1221VS,12,1E18732-A29,4.32
18732A29019,19,7/28/17,,1MHKL13I,B01J1221VS,12,1E18732-A29,4.32
18732A29020,20,7/28/17,,1MHKL13I,B01J1221VS,12,1E18732-A29,4.32
18732A29021,21,7/28/17,,1MHKL13I,B01J1221VS,12,1E18732-A29,4.32
18732A29022,22,7/28/17,,1MHKL13I,B01J1221VS,12,1E18732-A29,4.32
18732A29023,23,7/28/17,,1MHKL13I,B01J1221VS,12,1E18732-A29,4.32
18732A29024,24,7/28/17,,1MHKL13I,B01J1221VS,12,1E18732-A29,4.32
18732A29025,25,7/28/17,,1MHKL13I,B01J1221VS,12,1E18732-A29,4.32
18732A29026,26,7/28/17,,1MHKL13I,B01J1221VS,12,1E18732-A29,4.32
18732A29027,27,7/28/17,,1MHKL13I,B01J1221VS,12,1E18732-A29,4.32
18797A29002,2,7/28/17,,4L2CINBX,B00234IMJW,24,1E18797-A29,19.20
18797A29003,3,7/28/17,,4L2CINBX,B00234IMJW,24,1E18797-A29,19.20
18797A29004,4,7/28/17,,4L2CINBX,B00234IMJW,24,1E18797-A29,19.20
18751A29061,61,7/28/17,,1Y7OH95A,B01J1221VS,12,1E18751-A29,4.32
18751A29062,62,7/28/17,,1Y7OH95A,B01J1221VS,12,1E18751-A29,4.32
18751A29063,63,7/28/17,,1Y7OH95A,B01J1221VS,12,1E18751-A29,4.32
18751A29064,64,7/28/17,,1Y7OH95A,B01J1221VS,12,1E18751-A29,4.32
18751A29065,65,7/28/17,,1Y7OH95A,B01J1221VS,12,1E18751-A29,4.32
18751A29066,66,7/28/17,,1Y7OH95A,B01J1221VS,12,1E18751-A29,4.32
18751A29067,67,7/28/17,,1Y7OH95A,B01J1221VS,12,1E18751-A29,4.32
18751A29068,68,7/28/17,,1Y7OH95A,B01J1221VS,12,1E18751-A29,4.32
18751A29069,69,7/28/17,,1Y7OH95A,B01J1221VS,12,1E18751-A29,4.32
18751A29070,70,7/28/17,,1Y7OH95A,B01J1221VS,12,1E18751-A29,4.32
18806A29040,40,7/28/17,,4S5LSBAC,B0089S02TO,3,1E18806-A29,0.00
18806A29040,40,7/28/17,,4S5LSBAC,B001BKU6DO,36,1E18806-A29,5.40
18806A29040,40,7/28/17,,4S5LSBAC,B00FPTF5ZG,6,1E18806-A29,0.30
18798A29036,36,7/28/17,,4L2CINBX,B015OAOFZQ,22,1E18798-A29,16.50
18806A29041,41,7/28/17,,4S5LSBAC,B015OAOFZQ,21,1E18806-A29,15.75
18744A29038,38,7/28/17,,1T4M9SBK,B015OC9L7Q,22,1E18744-A29,16.50
18744A29039,39,7/28/17,,1T4M9SBK,B015OC9L7Q,22,1E18744-A29,16.50
18798A29037,37,7/28/17,,4L2CINBX,B001BKU6DO,48,1E18798-A29,7.20
18744A29040,40,7/28/17,,1T4M9SBK,B00CRNW06A,48,1E18744-A29,34.56
18732A29028,28,7/28/17,,1MHKL13I,B0013T825C,24,1E18732-A29,1.20
18732A29028,28,7/28/17,,1MHKL13I,B00O08UXMS,12,1E18732-A29,0.24
18732A29028,28,7/28/17,,1MHKL13I,B000UUGZJU,24,1E18732-A29,1.20
18744A29041,41,7/28/17,,1T4M9SBK,B00099XJXC,48,1E18744-A29,15.84
18744A29042,42,7/28/17,,1T4M9SBK,B00099XJXC,48,1E18744-A29,15.84
18744A29043,43,7/28/17,,1T4M9SBK,B00099XJXC,48,1E18744-A29,15.84
18744A29044,44,7/28/17,,1T4M9SBK,B00099XJXC,48,1E18744-A29,15.84
18744A29045,45,7/28/17,,1T4M9SBK,B00099XJXC,48,1E18744-A29,15.84
18744A29046,46,7/28/17,,1T4M9SBK,B00099XJXC,48,1E18744-A29,15.84
18744A29047,47,7/28/17,,1T4M9SBK,B00099XJXC,48,1E18744-A29,15.84
18744A29048,48,7/28/17,,1T4M9SBK,B00099XJXC,48,1E18744-A29,15.84
18744A29049,49,7/28/17,,1T4M9SBK,B00099XJXC,48,1E18744-A29,15.84
18744A29050,50,7/28/17,,1T4M9SBK,B00099XJXC,48,1E18744-A29,15.84
18744A29051,51,7/28/17,,1T4M9SBK,B000GCI9NM,24,1E18744-A29,6.00
18798A29038,38,7/28/17,,4L2CINBX,B00126LXNO,72,1E18798-A29,23.76
18798A29039,39,7/28/17,,4L2CINBX,B00126LXNO,72,1E18798-A29,23.76
18798A29040,40,7/28/17,,4L2CINBX,B00126LXNO,72,1E18798-A29,23.76
18798A29041,41,7/28/17,,4L2CINBX,B00126LXNO,72,1E18798-A29,23.76
18751A29071,71,7/28/17,,1Y7OH95A,B00126LXNO,72,1E18751-A29,23.76
18751A29072,72,7/28/17,,1Y7OH95A,B00126LXNO,72,1E18751-A29,23.76
18751A29073,73,7/28/17,,1Y7OH95A,B00126LXNO,72,1E18751-A29,23.76
18806A29042,42,7/28/17,,4S5LSBAC,B00126LXNO,72,1E18806-A29,23.76
18806A29043,43,7/28/17,,4S5LSBAC,B00126LXNO,48,1E18806-A29,15.84
18798A29042,42,7/28/17,,4L2CINBX,B001THDDFC,48,1E18798-A29,9.60
18806A29044,44,7/28/17,,4S5LSBAC,B000GG1S5O,12,1E18806-A29,0.00
18751A29074,74,7/28/17,,1Y7OH95A,B001THDDFC,12,1E18751-A29,2.40
18751A29074,74,7/28/17,,1Y7OH95A,B00FPTF5ZG,6,1E18751-A29,0.30
18751A29074,74,7/28/17,,1Y7OH95A,B00NAG7AF4,5,1E18751-A29,0.50
18751A29074,74,7/28/17,,1Y7OH95A,B009K6Z4SI,24,1E18751-A29,0.00
18751A29074,74,7/28/17,,1Y7OH95A,B000GCL2WC,34,1E18751-A29,9.52
18798A29043,43,7/28/17,,4L2CINBX,B002AQRICU,10,1E18798-A29,10.50
18751A29075,75,7/28/17,,1Y7OH95A,B000ZC0S5A,24,1E18751-A29,0.00
18798A29044,44,7/28/17,,4L2CINBX,B000ZC0S5A,24,1E18798-A29,0.00
18744A29052,52,7/28/17,,1T4M9SBK,B00164E8TI,12,1E18744-A29,42.00
18800A29009,9,7/28/17,,4L2CINBX,B00028Q8WO,12,1E18800-A29,0.00
18800A29009,9,7/28/17,,4L2CINBX,B00VA18H80,24,1E18800-A29,0.00
18800A29009,9,7/28/17,,4L2CINBX,B00WU1OCWO,24,1E18800-A29,10.08
18747A29011,11,7/28/17,,1T4M9SBK,B0014E8QI4,12,1E18747-A29,42.00
18808A29002,2,7/28/17,,4S5LSBAC,B000JILUYI,48,1E18808-A29,24.00
18808A29003,3,7/28/17,,4S5LSBAC,B000JILUYI,48,1E18808-A29,24.00
18824A29002,2,7/28/17,,7A6ROG1M,B001CMZB4U,48,1E18824-A29,24.48
18800A29010,10,7/28/17,,4L2CINBX,B06XDC5FXV,24,1E18800-A29,29.52
18808A29004,4,7/28/17,,4S5LSBAC,B000JILUYI,20,1E18808-A29,10.00
18751A29076,76,7/28/17,,1Y7OH95A,B00KCEKKPO,72,1E18751-A29,24.48
18751A29077,77,7/28/17,,1Y7OH95A,B00KCEKKPO,72,1E18751-A29,24.48
18751A29078,78,7/28/17,,1Y7OH95A,B00KCEKKPO,41,1E18751-A29,13.94
18798A29045,45,7/28/17,,4L2CINBX,B00C6WT14G,6,1E18798-A29,13.80
18798A29046,46,7/28/17,,4L2CINBX,B00C6WT14G,6,1E18798-A29,13.80
18806A29045,45,7/28/17,,4S5LSBAC,B00C6WT14G,6,1E18806-A29,13.80
18806A29046,46,7/28/17,,4S5LSBAC,B00C6WT14G,6,1E18806-A29,13.80
18798A29047,47,7/28/17,,4L2CINBX,B00NAG7AF4,211,1E18798-A29,21.10
18744A29053,53,7/28/17,,1T4M9SBK,B000SOLBU6,4,1E18744-A29,34.40
18744A29054,54,7/28/17,,1T4M9SBK,B000SOLBU6,4,1E18744-A29,34.40
18744A29055,55,7/28/17,,1T4M9SBK,B000SOLBU6,4,1E18744-A29,34.40
18744A29056,56,7/28/17,,1T4M9SBK,B000SOLBU6,4,1E18744-A29,34.40
18744A29057,57,7/28/17,,1T4M9SBK,B000SOLBU6,4,1E18744-A29,34.40
18744A29058,58,7/28/17,,1T4M9SBK,B000SOLBU6,4,1E18744-A29,34.40
18744A29059,59,7/28/17,,1T4M9SBK,B000SOLBU6,4,1E18744-A29,34.40
18744A29060,60,7/28/17,,1T4M9SBK,B000SOLBU6,4,1E18744-A29,34.40
18744A29061,61,7/28/17,,1T4M9SBK,B000SOLBU6,4,1E18744-A29,34.40
18744A29062,62,7/28/17,,1T4M9SBK,B000SOLBU6,4,1E18744-A29,34.40
18744A29063,63,7/28/17,,1T4M9SBK,B000SOLBU6,4,1E18744-A29,34.40
18744A29064,64,7/28/17,,1T4M9SBK,B000SOLBU6,4,1E18744-A29,34.40
18744A29065,65,7/28/17,,1T4M9SBK,B000SOLBU6,4,1E18744-A29,34.40
18744A29066,66,7/28/17,,1T4M9SBK,B000SOLBU6,4,1E18744-A29,34.40
18744A29067,67,7/28/17,,1T4M9SBK,B000SOLBU6,4,1E18744-A29,34.40
18744A29068,68,7/28/17,,1T4M9SBK,B000SOLBU6,4,1E18744-A29,34.40
18744A29069,69,7/28/17,,1T4M9SBK,B000SOLBU6,4,1E18744-A29,34.40
18751A29079,79,7/28/17,,1Y7OH95A,B00NAG7AF4,216,1E18751-A29,21.60
18751A29080,80,7/28/17,,1Y7OH95A,B004FNKHO2,96,1E18751-A29,26.88
18751A29081,81,7/28/17,,1Y7OH95A,B004FNKHO2,12,1E18751-A29,3.36
18751A29081,81,7/28/17,,1Y7OH95A,B000GCLTVG,84,1E18751-A29,0.00
18751A29081,81,7/28/17,,1Y7OH95A,B000GCIAQS,12,1E18751-A29,1.80
18732A29029,29,7/28/17,,1MHKL13I,B00KCEKKPO,61,1E18732-A29,20.74
18798A29048,48,7/28/17,,4L2CINBX,B004FNKHO2,72,1E18798-A29,20.16
18798A29049,49,7/28/17,,4L2CINBX,B004FNKHO2,12,1E18798-A29,3.36
18798A29049,49,7/28/17,,4L2CINBX,B000GCLTVG,46,1E18798-A29,0.00
18798A29049,49,7/28/17,,4L2CINBX,B0010WPOHG,12,1E18798-A29,0.00
18798A29049,49,7/28/17,,4L2CINBX,B0011DQMNY,19,1E18798-A29,0.95
18798A29049,49,7/28/17,,4L2CINBX,B004FI3QBI,25,1E18798-A29,8.75
18747A29012,12,7/28/17,,1T4M9SBK,B000NHTIJY,11,1E18747-A29,2.86
18747A29012,12,7/28/17,,1T4M9SBK,B00187REVW,21,1E18747-A29,41.58
18747A29012,12,7/28/17,,1T4M9SBK,B000KNP55C,19,1E18747-A29,12.35
18747A29012,12,7/28/17,,1T4M9SBK,B0018HLGU2,1,1E18747-A29,2.43
18744A29070,70,7/28/17,,1T4M9SBK,B00MFHDOXQ,34,1E18744-A29,11.56
18732A29030,30,7/28/17,,1MHKL13I,B004FNKHO2,48,1E18732-A29,13.44
18732A29030,30,7/28/17,,1MHKL13I,B000GCLTVG,39,1E18732-A29,0.00
18732A29030,30,7/28/17,,1MHKL13I,B003YFPB5W,24,1E18732-A29,1.20
18732A29030,30,7/28/17,,1MHKL13I,B000UUGZJU,12,1E18732-A29,0.60
18806A29047,47,7/28/17,,4S5LSBAC,B004FNKHO2,48,1E18806-A29,13.44
18806A29047,47,7/28/17,,4S5LSBAC,B000GCLTVG,52,1E18806-A29,0.00
18806A29047,47,7/28/17,,4S5LSBAC,B00KCEKKPO,23,1E18806-A29,7.82
18744A29071,71,7/28/17,,1T4M9SBK,B00099XJXC,72,1E18744-A29,23.76
18744A29072,72,7/28/17,,1T4M9SBK,B00099XJXC,72,1E18744-A29,23.76
18744A29073,73,7/28/17,,1T4M9SBK,B00099XJXC,72,1E18744-A29,23.76
18744A29074,74,7/28/17,,1T4M9SBK,B000Q65XVY,30,1E18744-A29,33.00
18744A29075,75,7/28/17,,1T4M9SBK,B000Q65XVY,30,1E18744-A29,33.00
18798A29050,50,7/28/17,,4L2CINBX,B009K6Z4SI,48,1E18798-A29,0.00
18798A29051,51,7/28/17,,4L2CINBX,B00KCEKKPO,72,1E18798-A29,24.48
18798A29052,52,7/28/17,,4L2CINBX,B00KCEKKPO,72,1E18798-A29,24.48
18778A29005,5,7/28/17,,3CG6GBHR,B000GCLTVG,43,1E18778-A29,0.00
18778A29005,5,7/28/17,,3CG6GBHR,B000GCIAQS,24,1E18778-A29,3.60
18778A29005,5,7/28/17,,3CG6GBHR,B001BJ6OCM,30,1E18778-A29,0.60
18747A29013,13,7/28/17,,1T4M9SBK,B0013Z9EBC,7,1E18747-A29,7.70
18806A29048,48,7/28/17,,4S5LSBAC,B00KCEKKPO,72,1E18806-A29,24.48
18747A29014,14,7/28/17,,1T4M9SBK,B000YQEBPA,12,1E18747-A29,8.40
18747A29014,14,7/28/17,,1T4M9SBK,B0027ACDSI,12,1E18747-A29,10.20
18747A29014,14,7/28/17,,1T4M9SBK,B000XZXPFO,6,1E18747-A29,2.40
18798A29053,53,7/28/17,,4L2CINBX,B000GCL2WC,60,1E18798-A29,16.80
18751A29082,82,7/28/17,,1Y7OH95A,B003YFPB5W,144,1E18751-A29,7.20
18751A29083,83,7/28/17,,1Y7OH95A,B003YFPB5W,144,1E18751-A29,7.20
18751A29084,84,7/28/17,,1Y7OH95A,B003YFPB5W,144,1E18751-A29,7.20
18806A29049,49,7/28/17,,4S5LSBAC,B00FW2BR0S,12,1E18806-A29,4.20
18806A29049,49,7/28/17,,4S5LSBAC,B001BJ6OCM,26,1E18806-A29,0.52
18806A29049,49,7/28/17,,4S5LSBAC,B00O08UXMS,6,1E18806-A29,0.12
18798A29054,54,7/28/17,,4L2CINBX,B00HTIUFEW,108,1E18798-A29,15.12
18798A29055,55,7/28/17,,4L2CINBX,B00HTIUFEW,108,1E18798-A29,15.12
18800A29011,11,7/28/17,,4L2CINBX,B0005YX1BG,21,1E18800-A29,0.00
18800A29011,11,7/28/17,,4L2CINBX,B00F9WH2EG,12,1E18800-A29,0.00
18806A29050,50,7/28/17,,4S5LSBAC,B00S4RT9WG,36,1E18806-A29,0.00
18732A29031,31,7/28/17,,1MHKL13I,B00126LXNO,24,1E18732-A29,7.92
18732A29031,31,7/28/17,,1MHKL13I,B0013T825C,8,1E18732-A29,0.40
18732A29031,31,7/28/17,,1MHKL13I,B00B6QWZPU,10,1E18732-A29,0.00
18732A29031,31,7/28/17,,1MHKL13I,B001QJ2ZQG,12,1E18732-A29,0.00
18744A29076,76,7/28/17,,1T4M9SBK,B00027441C,168,1E18744-A29,84.00
18798A29056,56,7/28/17,,4L2CINBX,B00822AM9M,12,1E18798-A29,7.20
18798A29056,56,7/28/17,,4L2CINBX,B0013T825C,20,1E18798-A29,1.00
18800A29012,12,7/28/17,,4L2CINBX,B00F9WH2EG,12,1E18800-A29,0.00
18800A29012,12,7/28/17,,4L2CINBX,B0001CVDZI,12,1E18800-A29,0.00
18800A29012,12,7/28/17,,4L2CINBX,B00C2RIAU6,5,1E18800-A29,1.55
18751A29085,85,7/28/17,,1Y7OH95A,B00443AN92,12,1E18751-A29,9.60
18751A29086,86,7/28/17,,1Y7OH95A,B00443AN92,12,1E18751-A29,9.60
18751A29087,87,7/28/17,,1Y7OH95A,B00443AN92,12,1E18751-A29,9.60
18751A29088,88,7/28/17,,1Y7OH95A,B00443AN92,12,1E18751-A29,9.60
18751A29089,89,7/28/17,,1Y7OH95A,B00443AN92,12,1E18751-A29,9.60
18798A29057,57,7/28/17,,4L2CINBX,B00HTIUFEW,36,1E18798-A29,5.04
18798A29057,57,7/28/17,,4L2CINBX,B001QJ2ZQG,3,1E18798-A29,0.00
18798A29057,57,7/28/17,,4L2CINBX,B000NJZKNA,18,1E18798-A29,2.70
18798A29057,57,7/28/17,,4L2CINBX,B000GG16QA,10,1E18798-A29,4.50
18751A29090,90,7/28/17,,1Y7OH95A,B00JGU5CB2,12,1E18751-A29,0.00
18751A29091,91,7/28/17,,1Y7OH95A,B00JGU5CB2,12,1E18751-A29,0.00
18800A29013,13,7/28/17,,4L2CINBX,B00161FSZY,36,1E18800-A29,21.24
18800A29014,14,7/28/17,,4L2CINBX,B00161FSZY,36,1E18800-A29,21.24
18800A29015,15,7/28/17,,4L2CINBX,B00161FSZY,36,1E18800-A29,21.24
18751A29092,92,7/28/17,,1Y7OH95A,B001QJ2ZQG,24,1E18751-A29,0.00
18798A29058,58,7/28/17,,4L2CINBX,B001QJ2ZQG,24,1E18798-A29,0.00
18744A29077,77,7/28/17,,1T4M9SBK,B000GCI9NM,24,1E18744-A29,6.00
18744A29078,78,7/28/17,,1T4M9SBK,B000N5S0RC,24,1E18744-A29,0.00
18751A29093,93,7/28/17,,1Y7OH95A,B001QJ2ZQG,24,1E18751-A29,0.00
18751A29094,94,7/28/17,,1Y7OH95A,B007KKUYXG,36,1E18751-A29,0.00
18744A29079,79,7/28/17,,1T4M9SBK,B000GG16QA,60,1E18744-A29,27.00
18744A29080,80,7/28/17,,1T4M9SBK,B000GG16QA,60,1E18744-A29,27.00
18744A29081,81,7/28/17,,1T4M9SBK,B000GG16QA,60,1E18744-A29,27.00
18744A29082,82,7/28/17,,1T4M9SBK,B000GG16QA,60,1E18744-A29,27.00
18744A29083,83,7/28/17,,1T4M9SBK,B001K4IJQC,120,1E18744-A29,42.00
18747A29015,15,7/28/17,,1T4M9SBK,B0008G1ZRS,36,1E18747-A29,22.32
18751A29095,95,7/28/17,,1Y7OH95A,B00ANL4W50,72,1E18751-A29,7.20
18751A29095,95,7/28/17,,1Y7OH95A,B0010WPOHG,12,1E18751-A29,0.00
18751A29095,95,7/28/17,,1Y7OH95A,B000GG15UM,12,1E18751-A29,0.00
18751A29095,95,7/28/17,,1Y7OH95A,B000GGL2JQ,24,1E18751-A29,3.60
18806A29051,51,7/28/17,,4S5LSBAC,B00ANL4W50,72,1E18806-A29,7.20
18806A29051,51,7/28/17,,4S5LSBAC,B000GG15UM,12,1E18806-A29,0.00
18806A29051,51,7/28/17,,4S5LSBAC,B00C5RKBVO,20,1E18806-A29,12.00
18798A29059,59,7/28/17,,4L2CINBX,B00HTIUFEW,108,1E18798-A29,15.12
18798A29060,60,7/28/17,,4L2CINBX,B00HTIUFEW,108,1E18798-A29,15.12
18798A29061,61,7/28/17,,4L2CINBX,B00HTIUFEW,36,1E18798-A29,5.04
18798A29061,61,7/28/17,,4L2CINBX,B000GGM1CI,24,1E18798-A29,6.00
18744A29084,84,7/28/17,,1T4M9SBK,B009135I40,12,1E18744-A29,22.20
18744A29085,85,7/28/17,,1T4M9SBK,B0011DQMNY,17,1E18744-A29,0.85
18744A29085,85,7/28/17,,1T4M9SBK,B0046X70J6,128,1E18744-A29,6.40
18747A29016,16,7/28/17,,1T4M9SBK,B01B16ITHM,12,1E18747-A29,6.00
18798A29062,62,7/28/17,,4L2CINBX,B0087GQFVC,4,1E18798-A29,4.40
18798A29063,63,7/28/17,,4L2CINBX,B0087GQFVC,4,1E18798-A29,4.40
18798A29064,64,7/28/17,,4L2CINBX,B0087GQFVC,4,1E18798-A29,4.40
18798A29065,65,7/28/17,,4L2CINBX,B0087GQFVC,4,1E18798-A29,4.40
18798A29066,66,7/28/17,,4L2CINBX,B0087GQFVC,4,1E18798-A29,4.40
18798A29067,67,7/28/17,,4L2CINBX,B0087GQFVC,4,1E18798-A29,4.40
18798A29068,68,7/28/17,,4L2CINBX,B0087GQFVC,4,1E18798-A29,4.40
18798A29069,69,7/28/17,,4L2CINBX,B0087GQFVC,4,1E18798-A29,4.40
18798A29070,70,7/28/17,,4L2CINBX,B0087GQFVC,4,1E18798-A29,4.40
18798A29071,71,7/28/17,,4L2CINBX,B0087GQFVC,4,1E18798-A29,4.40
18798A29072,72,7/28/17,,4L2CINBX,B0087GQFVC,4,1E18798-A29,4.40
18744A29086,86,7/28/17,,1T4M9SBK,B000GPUI88,8,1E18744-A29,4.00
18744A29087,87,7/28/17,,1T4M9SBK,B000GPUI88,8,1E18744-A29,4.00
18744A29088,88,7/28/17,,1T4M9SBK,B000GPUI88,8,1E18744-A29,4.00
18744A29089,89,7/28/17,,1T4M9SBK,B000GPUI88,8,1E18744-A29,4.00
18744A29090,90,7/28/17,,1T4M9SBK,B000GPUI88,8,1E18744-A29,4.00
18744A29091,91,7/28/17,,1T4M9SBK,B000GPUI88,8,1E18744-A29,4.00
18744A29092,92,7/28/17,,1T4M9SBK,B000GPUI88,8,1E18744-A29,4.00
18744A29093,93,7/28/17,,1T4M9SBK,B000GPUI88,8,1E18744-A29,4.00
18744A29094,94,7/28/17,,1T4M9SBK,B000GPUI88,8,1E18744-A29,4.00
18744A29095,95,7/28/17,,1T4M9SBK,B000GPUI88,8,1E18744-A29,4.00
18744A29096,96,7/28/17,,1T4M9SBK,B000GPUI88,8,1E18744-A29,4.00
18744A29097,97,7/28/17,,1T4M9SBK,B000GPUI88,8,1E18744-A29,4.00
18744A29098,98,7/28/17,,1T4M9SBK,B000GPUI88,8,1E18744-A29,4.00
18797A29005,5,7/28/17,,4L2CINBX,B00234IMJW,24,1E18797-A29,19.20
18797A29006,6,7/28/17,,4L2CINBX,B00234IMJW,24,1E18797-A29,19.20
18732A29032,32,7/28/17,,1MHKL13I,B000GG15UM,12,1E18732-A29,0.00
18732A29032,32,7/28/17,,1MHKL13I,B01INL7XXO,12,1E18732-A29,4.44
18732A29032,32,7/28/17,,1MHKL13I,B000GG7X7G,12,1E18732-A29,0.48
18732A29032,32,7/28/17,,1MHKL13I,B00014EGA0,12,1E18732-A29,0.00
18732A29032,32,7/28/17,,1MHKL13I,B00B6QWZPU,10,1E18732-A29,0.00
18732A29032,32,7/28/17,,1MHKL13I,B00CRF0Z1K,12,1E18732-A29,0.00
18798A29073,73,7/28/17,,4L2CINBX,B000GGL2JQ,120,1E18798-A29,18.00
18808A29005,5,7/28/17,,4S5LSBAC,B000WZOJCI,12,1E18808-A29,8.28
18808A29006,6,7/28/17,,4S5LSBAC,B000WZOJCI,12,1E18808-A29,8.28
18808A29007,7,7/28/17,,4S5LSBAC,B000WZOJCI,12,1E18808-A29,8.28
18808A29008,8,7/28/17,,4S5LSBAC,B000WZOJCI,12,1E18808-A29,8.28
18808A29009,9,7/28/17,,4S5LSBAC,B000WZOJCI,12,1E18808-A29,8.28
18808A29010,10,7/28/17,,4S5LSBAC,B000WZOJCI,12,1E18808-A29,8.28
18808A29011,11,7/28/17,,4S5LSBAC,B000WZOJCI,12,1E18808-A29,8.28
18808A29012,12,7/28/17,,4S5LSBAC,B000WZOJCI,12,1E18808-A29,8.28
18808A29012,12,7/28/17,,4S5LSBAC,B007R5M7V6,7,1E18808-A29,0.00
18808A29012,12,7/28/17,,4S5LSBAC,B000C4O7GC,192,1E18808-A29,9.60
18808A29013,13,7/28/17,,4S5LSBAC,B000WZOJCI,12,1E18808-A29,8.28
18808A29014,14,7/28/17,,4S5LSBAC,B000WZOJCI,12,1E18808-A29,8.28
18806A29052,52,7/28/17,,4S5LSBAC,B001BJ6OCM,72,1E18806-A29,1.44
18806A29053,53,7/28/17,,4S5LSBAC,B001BJ6OCM,72,1E18806-A29,1.44
18732A29033,33,7/28/17,,1MHKL13I,B001BJ6OCM,70,1E18732-A29,1.40
18744A29099,99,7/28/17,,1T4M9SBK,B00CB1L4O2,36,1E18744-A29,10.80
18798A29074,74,7/28/17,,4L2CINBX,B000GGL2JQ,48,1E18798-A29,7.20
18798A29074,74,7/28/17,,4L2CINBX,B000GG15UM,12,1E18798-A29,0.00
18798A29074,74,7/28/17,,4L2CINBX,B001BJ6OCM,17,1E18798-A29,0.34
18798A29075,75,7/28/17,,4L2CINBX,B00O59PFHK,72,1E18798-A29,23.76
18798A29076,76,7/28/17,,4L2CINBX,B00O59PFHK,60,1E18798-A29,19.80
18751A29096,96,7/28/17,,1Y7OH95A,B00O59PFHK,36,1E18751-A29,11.88
18751A29096,96,7/28/17,,1Y7OH95A,B000FFT8KS,12,1E18751-A29,0.00
18800A29016,16,7/28/17,,4L2CINBX,B006HIY39I,36,1E18800-A29,46.80
18800A29017,17,7/28/17,,4L2CINBX,B006HIY39I,36,1E18800-A29,46.80
18800A29018,18,7/28/17,,4L2CINBX,B006HIY39I,36,1E18800-A29,46.80
18824A29003,3,7/28/17,,7A6ROG1M,B006HIY39I,36,1E18824-A29,46.80
18824A29004,4,7/28/17,,7A6ROG1M,B006HIY39I,36,1E18824-A29,46.80
18798A29077,77,7/28/17,,4L2CINBX,B001BJ6OCM,13,1E18798-A29,0.26
18798A29077,77,7/28/17,,4L2CINBX,B000GCL2D6,30,1E18798-A29,5.10
18798A29077,77,7/28/17,,4L2CINBX,B00C5RKBVO,20,1E18798-A29,12.00
18798A29077,77,7/28/17,,4L2CINBX,B004CXBLAO,36,1E18798-A29,9.00
18824A29005,5,7/28/17,,7A6ROG1M,B006HIY39I,30,1E18824-A29,39.00
18800A29019,19,7/28/17,,4L2CINBX,B006HIY39I,12,1E18800-A29,15.60
18800A29019,19,7/28/17,,4L2CINBX,B002HK6RXK,3,1E18800-A29,9.66
18781A29003,3,7/25/17,,3CG6GBHR,B014SMUTWO,1,1E18781-A29,0.62
18781A29003,3,7/25/17,,3CG6GBHR,B00062N49G,40,1E18781-A29,7.20
18808A29015,15,7/25/17,,4S5LSBAC,B014SN3QAK,1,1E18808-A29,0.70
18808A29015,15,7/25/17,,4S5LSBAC,B002KLWA78,10,1E18808-A29,8.50
18808A29015,15,7/25/17,,4S5LSBAC,B00062N49G,8,1E18808-A29,1.44
18747A29017,17,7/25/17,,1T4M9SBK,B014SN8AQA,10,1E18747-A29,9.50
18747A29017,17,7/25/17,,1T4M9SBK,B00N4BMZZA,1,1E18747-A29,2.30
18747A29017,17,7/25/17,,1T4M9SBK,B00A0L21Z6,1,1E18747-A29,0.00
18747A29017,17,7/25/17,,1T4M9SBK,B01KNOF2V4,1,1E18747-A29,0.00
18747A29017,17,7/25/17,,1T4M9SBK,B007GCFV68,9,1E18747-A29,0.00
18747A29017,17,7/25/17,,1T4M9SBK,B005X0BYPW,1,1E18747-A29,0.00
18747A29017,17,7/25/17,,1T4M9SBK,B0010QD3WU,1,1E18747-A29,0.00
18751A29097,97,7/25/17,,1Y7OH95A,B007O3D468,12,1E18751-A29,0.00
18751A29097,97,7/25/17,,1Y7OH95A,B00RENOWXM,16,1E18751-A29,0.00
18751A29097,97,7/25/17,,1Y7OH95A,B000FD23FW,12,1E18751-A29,3.00
18751A29097,97,7/25/17,,1Y7OH95A,B001KY9WBI,24,1E18751-A29,1.20
18751A29097,97,7/25/17,,1Y7OH95A,B000GCL2D6,30,1E18751-A29,5.10
18751A29097,97,7/25/17,,1Y7OH95A,B00C5RKBVO,20,1E18751-A29,12.00
18798A29078,78,7/25/17,,4L2CINBX,B007O3D468,12,1E18798-A29,0.00
18798A29078,78,7/25/17,,4L2CINBX,B001V9T4QU,12,1E18798-A29,3.84
18798A29078,78,7/25/17,,4L2CINBX,B004CXBLAO,36,1E18798-A29,9.00
18806A29054,54,7/25/17,,4S5LSBAC,B007O3D468,12,1E18806-A29,0.00
18806A29054,54,7/25/17,,4S5LSBAC,B0031N08GE,24,1E18806-A29,2.40
18806A29054,54,7/25/17,,4S5LSBAC,B004CXBLAO,60,1E18806-A29,15.00
18744A29100,100,7/25/17,,1T4M9SBK,B0013IXNMA,10,1E18744-A29,10.00
18744A29100,100,7/25/17,,1T4M9SBK,B000NSUJZA,12,1E18744-A29,7.20
18744A29100,100,7/25/17,,1T4M9SBK,B0046X70J6,54,1E18744-A29,2.70
18781A29004,4,7/25/17,,3CG6GBHR,B00062N49G,24,1E18781-A29,4.32
18781A29004,4,7/25/17,,3CG6GBHR,B00V9Z0OAG,1,1E18781-A29,0.00
18781A29004,4,7/25/17,,3CG6GBHR,B001CCLDYM,1,1E18781-A29,0.00
18781A29004,4,7/25/17,,3CG6GBHR,B015YUEQBE,12,1E18781-A29,0.60
18781A29004,4,7/25/17,,3CG6GBHR,B000AA4DBM,2,1E18781-A29,0.00
18781A29004,4,7/25/17,,3CG6GBHR,B00B39TUZS,1,1E18781-A29,0.00
18781A29004,4,7/25/17,,3CG6GBHR,B003TVC8WA,1,1E18781-A29,0.00
18781A29004,4,7/25/17,,3CG6GBHR,B007R5M7V6,6,1E18781-A29,0.00
18808A29016,16,7/25/17,,4S5LSBAC,B003FFITDW,20,1E18808-A29,4.00
18808A29016,16,7/25/17,,4S5LSBAC,B00062N496,12,1E18808-A29,1.08
18808A29016,16,7/25/17,,4S5LSBAC,B000HHLPSW,1,1E18808-A29,0.00
18808A29016,16,7/25/17,,4S5LSBAC,B000BO7AVC,2,1E18808-A29,0.00
18747A29018,18,7/25/17,,1T4M9SBK,B003FFITDW,20,1E18747-A29,4.00
18747A29018,18,7/25/17,,1T4M9SBK,B00MENRHHK,12,1E18747-A29,5.16
18747A29018,18,7/25/17,,1T4M9SBK,B000HHLPSW,7,1E18747-A29,0.00
18800A29020,20,7/25/17,,4L2CINBX,B004769M8E,96,1E18800-A29,16.32
18800A29020,20,7/25/17,,4L2CINBX,B00C2RIAU6,6,1E18800-A29,1.86
18751A29098,98,7/25/17,,1Y7OH95A,B00E6QJ47E,24,1E18751-A29,2.40
18751A29098,98,7/25/17,,1Y7OH95A,B002VWBFXQ,12,1E18751-A29,0.00
18751A29098,98,7/25/17,,1Y7OH95A,B001V9T4QU,1,1E18751-A29,0.32
18751A29098,98,7/25/17,,1Y7OH95A,B004CXBLAO,72,1E18751-A29,18.00
18808A29017,17,7/25/17,,4S5LSBAC,B01CJU0YF4,1,1E18808-A29,0.00
18808A29018,18,7/25/17,,4S5LSBAC,B01CJU0YF4,1,1E18808-A29,0.00
18808A29019,19,7/25/17,,4S5LSBAC,B01CJU0YF4,1,1E18808-A29,0.00
18808A29020,20,7/25/17,,4S5LSBAC,B01CJU0YF4,1,1E18808-A29,0.00
18808A29021,21,7/25/17,,4S5LSBAC,B01CJU0YF4,1,1E18808-A29,0.00
18808A29022,22,7/25/17,,4S5LSBAC,B01CJU0YF4,1,1E18808-A29,0.00
18808A29023,23,7/25/17,,4S5LSBAC,B01CJU0YF4,1,1E18808-A29,0.00
18808A29024,24,7/25/17,,4S5LSBAC,B01CJU0YF4,1,1E18808-A29,0.00
18808A29025,25,7/25/17,,4S5LSBAC,B01CJU0YF4,1,1E18808-A29,0.00
18808A29026,26,7/25/17,,4S5LSBAC,B01CJU0YF4,1,1E18808-A29,0.00
18808A29027,27,7/25/17,,4S5LSBAC,B01CJU0YF4,1,1E18808-A29,0.00
18808A29028,28,7/25/17,,4S5LSBAC,B01CJU0YF4,1,1E18808-A29,0.00
18800A29021,21,7/25/17,,4L2CINBX,B00C2RIAU6,6,1E18800-A29,1.86
18800A29021,21,7/25/17,,4L2CINBX,B00HURXN3C,14,1E18800-A29,19.60
18800A29022,22,7/25/17,,4L2CINBX,B00HURXN3C,3,1E18800-A29,4.20
18800A29022,22,7/25/17,,4L2CINBX,B004769M8E,48,1E18800-A29,8.16
18800A29022,22,7/25/17,,4L2CINBX,B002HK6RXK,3,1E18800-A29,9.66
18800A29022,22,7/25/17,,4L2CINBX,B00C2RIAU6,2,1E18800-A29,0.62
18800A29022,22,7/25/17,,4L2CINBX,B003H2K8I2,7,1E18800-A29,0.00
18805A29002,2,7/25/17,,4S5LSBAC,B01A0UK4DM,8,1E18805-A29,3.20
18805A29002,2,7/25/17,,4S5LSBAC,B01A0UK52M,12,1E18805-A29,4.20
18797A29007,7,7/25/17,,4L2CINBX,B01A0UK52M,12,1E18797-A29,4.20
18797A29008,8,7/25/17,,4L2CINBX,B01CJU0U9E,1,1E18797-A29,10.00
18797A29009,9,7/25/17,,4L2CINBX,B01CJU0U9E,1,1E18797-A29,10.00
18797A29010,10,7/25/17,,4L2CINBX,B01CJU0U9E,1,1E18797-A29,10.00
18797A29011,11,7/25/17,,4L2CINBX,B01CJU0U9E,1,1E18797-A29,10.00
18797A29012,12,7/25/17,,4L2CINBX,B01CJU0U9E,1,1E18797-A29,10.00
18797A29013,13,7/25/17,,4L2CINBX,B01CJU0U9E,1,1E18797-A29,10.00
18797A29014,14,7/25/17,,4L2CINBX,B01CJU0U9E,1,1E18797-A29,10.00
18797A29015,15,7/25/17,,4L2CINBX,B01CJU0U9E,1,1E18797-A29,10.00
18797A29016,16,7/25/17,,4L2CINBX,B01CJU0U9E,1,1E18797-A29,10.00
18797A29017,17,7/25/17,,4L2CINBX,B01CJU0U9E,1,1E18797-A29,10.00
18797A29018,18,7/25/17,,4L2CINBX,B01CJU0U9E,1,1E18797-A29,10.00
18805A29003,3,7/25/17,,4S5LSBAC,B01CJU0U9E,1,1E18805-A29,10.00
18805A29004,4,7/25/17,,4S5LSBAC,B01CJU0U9E,1,1E18805-A29,10.00
18805A29005,5,7/25/17,,4S5LSBAC,B01CJU0U9E,1,1E18805-A29,10.00
18805A29006,6,7/25/17,,4S5LSBAC,B01CJU0U9E,1,1E18805-A29,10.00
18805A29007,7,7/25/17,,4S5LSBAC,B01CJU0U9E,1,1E18805-A29,10.00
18805A29008,8,7/25/17,,4S5LSBAC,B01CJU0U9E,1,1E18805-A29,10.00
18805A29009,9,7/25/17,,4S5LSBAC,B01CJU0U9E,1,1E18805-A29,10.00
18805A29010,10,7/25/17,,4S5LSBAC,B01CJU0U9E,1,1E18805-A29,10.00
18805A29011,11,7/25/17,,4S5LSBAC,B01CJU0U9E,1,1E18805-A29,10.00
18805A29012,12,7/25/17,,4S5LSBAC,B01CJU0U9E,1,1E18805-A29,10.00
18805A29013,13,7/25/17,,4S5LSBAC,B01CJU0U9E,1,1E18805-A29,10.00
18805A29014,14,7/25/17,,4S5LSBAC,B01CJU0U9E,1,1E18805-A29,10.00
18805A29015,15,7/25/17,,4S5LSBAC,B01CJU0U9E,1,1E18805-A29,10.00
18805A29016,16,7/25/17,,4S5LSBAC,B01CJU0U9E,1,1E18805-A29,10.00
18805A29017,17,7/25/17,,4S5LSBAC,B01CJU0U9E,1,1E18805-A29,10.00
18805A29018,18,7/25/17,,4S5LSBAC,B01CJU0U9E,1,1E18805-A29,10.00
18805A29019,19,7/25/17,,4S5LSBAC,B01CJU0U9E,1,1E18805-A29,10.00
18805A29020,20,7/25/17,,4S5LSBAC,B01CJU0U9E,1,1E18805-A29,10.00
18805A29021,21,7/25/17,,4S5LSBAC,B01CJU0U9E,1,1E18805-A29,10.00
18805A29022,22,7/25/17,,4S5LSBAC,B01CJU0U9E,1,1E18805-A29,10.00
18805A29023,23,7/25/17,,4S5LSBAC,B01CJU0U9E,1,1E18805-A29,10.00
18805A29024,24,7/25/17,,4S5LSBAC,B01CJU0U9E,1,1E18805-A29,10.00
18805A29025,25,7/25/17,,4S5LSBAC,B01CJU0U9E,1,1E18805-A29,10.00
18805A29026,26,7/25/17,,4S5LSBAC,B01CJU0U9E,1,1E18805-A29,10.00
18805A29027,27,7/25/17,,4S5LSBAC,B01CJU0U9E,1,1E18805-A29,10.00
18805A29028,28,7/25/17,,4S5LSBAC,B01CJU0U9E,1,1E18805-A29,10.00
18805A29029,29,7/25/17,,4S5LSBAC,B01CJU0U9E,1,1E18805-A29,10.00
18805A29030,30,7/25/17,,4S5LSBAC,B01CJU0U9E,1,1E18805-A29,10.00
18805A29031,31,7/25/17,,4S5LSBAC,B01CJU0U9E,1,1E18805-A29,10.00
18805A29032,32,7/25/17,,4S5LSBAC,B01CJU0U9E,1,1E18805-A29,10.00
18805A29033,33,7/25/17,,4S5LSBAC,B01CJU0U9E,1,1E18805-A29,10.00
18805A29034,34,7/25/17,,4S5LSBAC,B01CJU0U9E,1,1E18805-A29,10.00
18805A29035,35,7/25/17,,4S5LSBAC,B01CJU0U9E,1,1E18805-A29,10.00
18805A29036,36,7/25/17,,4S5LSBAC,B01CJU0U9E,1,1E18805-A29,10.00
18805A29037,37,7/25/17,,4S5LSBAC,B01CJU0U9E,1,1E18805-A29,10.00
18805A29038,38,7/25/17,,4S5LSBAC,B01CJU0U9E,1,1E18805-A29,10.00
18805A29039,39,7/25/17,,4S5LSBAC,B01CJU0U9E,1,1E18805-A29,10.00
18805A29040,40,7/25/17,,4S5LSBAC,B01CJU0U9E,1,1E18805-A29,10.00
18805A29041,41,7/25/17,,4S5LSBAC,B01CJU0U9E,1,1E18805-A29,10.00
18805A29042,42,7/25/17,,4S5LSBAC,B01CJU0U9E,1,1E18805-A29,10.00
18805A29043,43,7/25/17,,4S5LSBAC,B01CJU0U9E,1,1E18805-A29,10.00
18805A29044,44,7/25/17,,4S5LSBAC,B01CJU0U9E,1,1E18805-A29,10.00
18805A29045,45,7/25/17,,4S5LSBAC,B01CJU0U9E,1,1E18805-A29,10.00
18805A29046,46,7/25/17,,4S5LSBAC,B01CJU0U9E,1,1E18805-A29,10.00
18805A29047,47,7/25/17,,4S5LSBAC,B01CJU0U9E,1,1E18805-A29,10.00
18805A29048,48,7/25/17,,4S5LSBAC,B01CJU0U9E,1,1E18805-A29,10.00
18805A29049,49,7/25/17,,4S5LSBAC,B01CJU0U9E,1,1E18805-A29,10.00
18805A29050,50,7/25/17,,4S5LSBAC,B01CJU0U9E,1,1E18805-A29,10.00
18805A29051,51,7/25/17,,4S5LSBAC,B01CJU0U9E,1,1E18805-A29,10.00
18805A29052,52,7/25/17,,4S5LSBAC,B01CJU0U9E,1,1E18805-A29,10.00
18798A29079,79,7/25/17,,4L2CINBX,B000NLFX7Q,36,1E18798-A29,19.80
18747A29019,19,7/25/17,,1T4M9SBK,B005IBVT9M,3,1E18747-A29,0.00
18747A29020,20,7/25/17,,1T4M9SBK,B005IBVT9M,3,1E18747-A29,0.00
18747A29021,21,7/25/17,,1T4M9SBK,B005IBVT9M,3,1E18747-A29,0.00
18747A29022,22,7/25/17,,1T4M9SBK,B005IBVT9M,3,1E18747-A29,0.00
18747A29023,23,7/25/17,,1T4M9SBK,B005IBVT9M,3,1E18747-A29,0.00
18747A29024,24,7/25/17,,1T4M9SBK,B005IBVT9M,3,1E18747-A29,0.00
18747A29025,25,7/25/17,,1T4M9SBK,B005IBVT9M,3,1E18747-A29,0.00
18747A29026,26,7/25/17,,1T4M9SBK,B005IBVT9M,3,1E18747-A29,0.00
18732A29034,34,7/25/17,,1MHKL13I,B004CXBLAO,96,1E18732-A29,24.00
18751A29099,99,7/25/17,,1Y7OH95A,B001V9T4QU,35,1E18751-A29,11.20
18798A29080,80,7/25/17,,4L2CINBX,B004CXBLAO,36,1E18798-A29,9.00
18798A29080,80,7/25/17,,4L2CINBX,B00IA8MXUE,24,1E18798-A29,0.48
18751A29100,100,7/25/17,,1Y7OH95A,B00IA8MXUE,72,1E18751-A29,1.44
18806A29055,55,7/25/17,,4S5LSBAC,B004CXBLAO,72,1E18806-A29,18.00
18806A29055,55,7/25/17,,4S5LSBAC,B000GCOINM,10,1E18806-A29,1.50
18806A29055,55,7/25/17,,4S5LSBAC,B00013YYS0,24,1E18806-A29,0.00
18806A29055,55,7/25/17,,4S5LSBAC,B00GNS68OA,8,1E18806-A29,1.60
18800A29023,23,7/25/17,,4L2CINBX,B00C2RIAU6,5,1E18800-A29,1.55
18800A29023,23,7/25/17,,4L2CINBX,B00O7UCA2U,6,1E18800-A29,1.50
18800A29023,23,7/25/17,,4L2CINBX,B0019LU5K4,24,1E18800-A29,12.00
18800A29023,23,7/25/17,,4L2CINBX,B003H2K8I2,4,1E18800-A29,0.00
18732A29035,35,7/25/17,,1MHKL13I,B003BM2B8S,6,1E18732-A29,0.24
18732A29035,35,7/25/17,,1MHKL13I,B0108BCZIU,24,1E18732-A29,9.60
18732A29035,35,7/25/17,,1MHKL13I,B0089QD9WI,2,1E18732-A29,0.30
18732A29035,35,7/25/17,,1MHKL13I,B000Q8ISXM,24,1E18732-A29,4.80
18732A29035,35,7/25/17,,1MHKL13I,B004FI3QBI,9,1E18732-A29,3.15
18732A29035,35,7/25/17,,1MHKL13I,B001V9UQOE,12,1E18732-A29,0.00
18732A29035,35,7/25/17,,1MHKL13I,B000NOMSBW,5,1E18732-A29,0.25
18732A29035,35,7/25/17,,1MHKL13I,B00IU0PHK0,1,1E18732-A29,0.00
18732A29035,35,7/25/17,,1MHKL13I,B0002XJZM4,12,1E18732-A29,0.00
18778A29006,6,7/25/17,,3CG6GBHR,B003BM2B8S,6,1E18778-A29,0.24
18778A29006,6,7/25/17,,3CG6GBHR,B0076OPHYM,30,1E18778-A29,1.80
18778A29006,6,7/25/17,,3CG6GBHR,B00014EGA0,6,1E18778-A29,0.00
18778A29006,6,7/25/17,,3CG6GBHR,B000GVTCSO,8,1E18778-A29,4.96
18778A29006,6,7/25/17,,3CG6GBHR,B008RN5T94,12,1E18778-A29,0.00
18778A29006,6,7/25/17,,3CG6GBHR,B00KM8ZLYA,12,1E18778-A29,7.20
18744A29101,101,7/25/17,,1T4M9SBK,B0036WMOY4,24,1E18744-A29,7.20
18744A29101,101,7/25/17,,1T4M9SBK,B009C650MQ,8,1E18744-A29,0.00
18744A29101,101,7/25/17,,1T4M9SBK,B01MR0QN15,1,1E18744-A29,1.50
18744A29101,101,7/25/17,,1T4M9SBK,B00027441C,72,1E18744-A29,36.00
18751A29101,101,7/25/17,,1Y7OH95A,B01AUJ0RZS,12,1E18751-A29,1.80
18751A29101,101,7/25/17,,1Y7OH95A,B00013YYS0,24,1E18751-A29,0.00
18751A29101,101,7/25/17,,1Y7OH95A,B00CQ7QN8I,12,1E18751-A29,4.80
18751A29101,101,7/25/17,,1Y7OH95A,B00LSBLC8O,12,1E18751-A29,1.80
18751A29101,101,7/25/17,,1Y7OH95A,B00DI9Z7YO,12,1E18751-A29,0.24
18751A29101,101,7/25/17,,1Y7OH95A,B00CHLFWGM,32,1E18751-A29,4.80
18751A29101,101,7/25/17,,1Y7OH95A,B004SCT85E,12,1E18751-A29,0.00
18751A29101,101,7/25/17,,1Y7OH95A,B001PQI0YQ,12,1E18751-A29,1.20
18800A29024,24,7/25/17,,4L2CINBX,B01C8DQUBY,24,1E18800-A29,0.00
18800A29024,24,7/25/17,,4L2CINBX,B003H2K8I2,4,1E18800-A29,0.00
18747A29027,27,7/25/17,,1T4M9SBK,B0006JM378,24,1E18747-A29,0.00
18747A29028,28,7/25/17,,1T4M9SBK,B0008F4HPQ,50,1E18747-A29,27.50
18747A29029,29,7/25/17,,1T4M9SBK,B0008F4HPQ,50,1E18747-A29,27.50
18747A29030,30,7/25/17,,1T4M9SBK,B0008F4HPQ,50,1E18747-A29,27.50
18747A29031,31,7/25/17,,1T4M9SBK,B0008F4HPQ,50,1E18747-A29,27.50
18747A29032,32,7/25/17,,1T4M9SBK,B0008F4HPQ,50,1E18747-A29,27.50
18747A29033,33,7/25/17,,1T4M9SBK,B0008F4HPQ,50,1E18747-A29,27.50
18747A29034,34,7/25/17,,1T4M9SBK,B0008F4HPQ,50,1E18747-A29,27.50
18747A29035,35,7/25/17,,1T4M9SBK,B0008F4HPQ,50,1E18747-A29,27.50
18747A29036,36,7/25/17,,1T4M9SBK,B0008F4HPQ,50,1E18747-A29,27.50
18747A29037,37,7/25/17,,1T4M9SBK,B0008F4HPQ,50,1E18747-A29,27.50
18747A29038,38,7/25/17,,1T4M9SBK,B0008F4HPQ,50,1E18747-A29,27.50
18747A29039,39,7/25/17,,1T4M9SBK,B0008F4HPQ,50,1E18747-A29,27.50
18747A29040,40,7/25/17,,1T4M9SBK,B0008F4HPQ,50,1E18747-A29,27.50
18747A29041,41,7/25/17,,1T4M9SBK,B0008F4HPQ,50,1E18747-A29,27.50
18747A29042,42,7/25/17,,1T4M9SBK,B0008F4HPQ,50,1E18747-A29,27.50
18747A29043,43,7/25/17,,1T4M9SBK,B0008F4HPQ,50,1E18747-A29,27.50
18747A29044,44,7/25/17,,1T4M9SBK,B0008F4HPQ,50,1E18747-A29,27.50
18747A29045,45,7/25/17,,1T4M9SBK,B0008F4HPQ,50,1E18747-A29,27.50
18747A29046,46,7/25/17,,1T4M9SBK,B0008F4HPQ,50,1E18747-A29,27.50
18747A29047,47,7/25/17,,1T4M9SBK,B0008F4HPQ,50,1E18747-A29,27.50
18747A29048,48,7/25/17,,1T4M9SBK,B0008F4HPQ,50,1E18747-A29,27.50
18747A29049,49,7/25/17,,1T4M9SBK,B0008F4HPQ,50,1E18747-A29,27.50
18747A29050,50,7/25/17,,1T4M9SBK,B0008F4HPQ,50,1E18747-A29,27.50
18747A29051,51,7/25/17,,1T4M9SBK,B0008F4HPQ,50,1E18747-A29,27.50
18747A29052,52,7/25/17,,1T4M9SBK,B0008F4HPQ,50,1E18747-A29,27.50
18747A29053,53,7/25/17,,1T4M9SBK,B0008F4HPQ,50,1E18747-A29,27.50
18747A29054,54,7/25/17,,1T4M9SBK,B0008F4HPQ,50,1E18747-A29,27.50
18747A29055,55,7/25/17,,1T4M9SBK,B0008F4HPQ,50,1E18747-A29,27.50
18747A29056,56,7/25/17,,1T4M9SBK,B00IQ8JFPO,24,1E18747-A29,0.00
18747A29056,56,7/25/17,,1T4M9SBK,B007R5M7V6,4,1E18747-A29,0.00
18744A29102,102,7/25/17,,1T4M9SBK,B019CDVUI6,6,1E18744-A29,27.96
18744A29103,103,7/25/17,,1T4M9SBK,B019CDVUI6,6,1E18744-A29,27.96
18744A29104,104,7/25/17,,1T4M9SBK,B019CDVUI6,6,1E18744-A29,27.96
18744A29105,105,7/25/17,,1T4M9SBK,B019CDVUI6,6,1E18744-A29,27.96
18744A29106,106,7/25/17,,1T4M9SBK,B019CDVUI6,6,1E18744-A29,27.96
18744A29107,107,7/25/17,,1T4M9SBK,B019CDVUI6,6,1E18744-A29,27.96
18744A29108,108,7/25/17,,1T4M9SBK,B019CDVUI6,6,1E18744-A29,27.96
18744A29109,109,7/25/17,,1T4M9SBK,B019CDVUI6,6,1E18744-A29,27.96
18744A29110,110,7/25/17,,1T4M9SBK,B019CDVUI6,6,1E18744-A29,27.96
18744A29111,111,7/25/17,,1T4M9SBK,B019CDVUI6,6,1E18744-A29,27.96
18744A29112,112,7/25/17,,1T4M9SBK,B019CDVUI6,6,1E18744-A29,27.96
18744A29113,113,7/25/17,,1T4M9SBK,B019CDVUI6,6,1E18744-A29,27.96
18744A29114,114,7/25/17,,1T4M9SBK,B019CDVUI6,6,1E18744-A29,27.96
18744A29115,115,7/25/17,,1T4M9SBK,B019CDVUI6,6,1E18744-A29,27.96
18744A29116,116,7/25/17,,1T4M9SBK,B019CDVUI6,6,1E18744-A29,27.96
18744A29117,117,7/25/17,,1T4M9SBK,B019CDVUI6,6,1E18744-A29,27.96
18744A29118,118,7/25/17,,1T4M9SBK,B019CDVUI6,6,1E18744-A29,27.96
18744A29119,119,7/25/17,,1T4M9SBK,B019CDVUI6,6,1E18744-A29,27.96
18744A29120,120,7/25/17,,1T4M9SBK,B019CDVUI6,6,1E18744-A29,27.96
18744A29121,121,7/25/17,,1T4M9SBK,B019CDVUI6,6,1E18744-A29,27.96
18744A29122,122,7/25/17,,1T4M9SBK,B019CDVUI6,6,1E18744-A29,27.96
18744A29123,123,7/25/17,,1T4M9SBK,B019CDVUI6,6,1E18744-A29,27.96
18744A29124,124,7/25/17,,1T4M9SBK,B019CDVUI6,6,1E18744-A29,27.96
18744A29125,125,7/25/17,,1T4M9SBK,B019CDVUI6,6,1E18744-A29,27.96
18744A29126,126,7/25/17,,1T4M9SBK,B019CDVUI6,6,1E18744-A29,27.96
18744A29127,127,7/25/17,,1T4M9SBK,B019CDVUI6,6,1E18744-A29,27.96
18806A29056,56,7/25/17,,4S5LSBAC,B01IPN8UC8,6,1E18806-A29,9.36
18806A29057,57,7/25/17,,4S5LSBAC,B01IPN8UC8,6,1E18806-A29,9.36
18806A29058,58,7/25/17,,4S5LSBAC,B01IPN8UC8,6,1E18806-A29,9.36
18806A29059,59,7/25/17,,4S5LSBAC,B01IPN8UC8,6,1E18806-A29,9.36
18806A29060,60,7/25/17,,4S5LSBAC,B01IPN8UC8,6,1E18806-A29,9.36
18806A29061,61,7/25/17,,4S5LSBAC,B01IPN8UC8,6,1E18806-A29,9.36
18806A29062,62,7/25/17,,4S5LSBAC,B01IPN8UC8,6,1E18806-A29,9.36
18806A29063,63,7/25/17,,4S5LSBAC,B01IPN8UC8,6,1E18806-A29,9.36
18806A29064,64,7/25/17,,4S5LSBAC,B01IPN8UC8,6,1E18806-A29,9.36
18806A29065,65,7/25/17,,4S5LSBAC,B01IPN8UC8,6,1E18806-A29,9.36
18806A29066,66,7/25/17,,4S5LSBAC,B01IPN8UC8,6,1E18806-A29,9.36
18806A29067,67,7/25/17,,4S5LSBAC,B01IPN8UC8,6,1E18806-A29,9.36
18806A29068,68,7/25/17,,4S5LSBAC,B01IPN8UC8,6,1E18806-A29,9.36
18806A29069,69,7/25/17,,4S5LSBAC,B01IPN8UC8,6,1E18806-A29,9.36
18806A29070,70,7/25/17,,4S5LSBAC,B01IPN8UC8,6,1E18806-A29,9.36
18806A29071,71,7/25/17,,4S5LSBAC,B01IPN8UC8,6,1E18806-A29,9.36
18806A29072,72,7/25/17,,4S5LSBAC,B01IPN8UC8,6,1E18806-A29,9.36
18806A29073,73,7/25/17,,4S5LSBAC,B01IPN8UC8,6,1E18806-A29,9.36
18806A29074,74,7/25/17,,4S5LSBAC,B01IPN8UC8,9,1E18806-A29,14.04
18800A29025,25,7/26/17,,4L2CINBX,B003H2K8I2,24,1E18800-A29,0.00
18800A29025,25,7/26/17,,4L2CINBX,B00CNHJO9G,6,1E18800-A29,0.00
18800A29025,25,7/26/17,,4L2CINBX,B005P0J9RA,2,1E18800-A29,0.42
18798A29081,81,7/26/17,,4L2CINBX,B000GCOINM,10,1E18798-A29,1.50
18798A29081,81,7/26/17,,4L2CINBX,B000NJZKNA,46,1E18798-A29,6.90
18798A29082,82,7/26/17,,4L2CINBX,B000P158OW,72,1E18798-A29,13.68
18798A29083,83,7/26/17,,4L2CINBX,B000P158OW,72,1E18798-A29,13.68
18798A29084,84,7/26/17,,4L2CINBX,B000P158OW,72,1E18798-A29,13.68
18798A29085,85,7/26/17,,4L2CINBX,B000P158OW,72,1E18798-A29,13.68
18798A29086,86,7/26/17,,4L2CINBX,B000P158OW,72,1E18798-A29,13.68
18798A29087,87,7/26/17,,4L2CINBX,B000P158OW,72,1E18798-A29,13.68
18798A29088,88,7/26/17,,4L2CINBX,B000P158OW,72,1E18798-A29,13.68
18798A29089,89,7/26/17,,4L2CINBX,B000P158OW,72,1E18798-A29,13.68
18798A29090,90,7/26/17,,4L2CINBX,B000P158OW,60,1E18798-A29,11.40
18798A29091,91,7/26/17,,4L2CINBX,B00013YYS0,12,1E18798-A29,0.00
18798A29091,91,7/26/17,,4L2CINBX,B000XQ2KZE,11,1E18798-A29,2.20
18798A29091,91,7/26/17,,4L2CINBX,B0089QD9WI,3,1E18798-A29,0.45
18798A29091,91,7/26/17,,4L2CINBX,B00CHLFWGM,40,1E18798-A29,6.00
18798A29091,91,7/26/17,,4L2CINBX,B000GGFZLC,24,1E18798-A29,1.68
18798A29091,91,7/26/17,,4L2CINBX,B004SCT85E,12,1E18798-A29,0.00
18798A29091,91,7/26/17,,4L2CINBX,B000CSCFOO,3,1E18798-A29,0.90
18751A29102,102,7/26/17,,1Y7OH95A,B000P158OW,72,1E18751-A29,13.68
18751A29103,103,7/26/17,,1Y7OH95A,B000P158OW,72,1E18751-A29,13.68
18751A29104,104,7/26/17,,1Y7OH95A,B000P158OW,72,1E18751-A29,13.68
18751A29105,105,7/26/17,,1Y7OH95A,B000P158OW,72,1E18751-A29,13.68
18751A29106,106,7/26/17,,1Y7OH95A,B000P158OW,72,1E18751-A29,13.68
18751A29107,107,7/26/17,,1Y7OH95A,B000P158OW,72,1E18751-A29,13.68
18751A29108,108,7/26/17,,1Y7OH95A,B000P158OW,72,1E18751-A29,13.68
18824A29006,6,7/26/17,,7A6ROG1M,B00O7UCA2U,6,1E18824-A29,1.50
18824A29006,6,7/26/17,,7A6ROG1M,B00014D0A2,12,1E18824-A29,3.48
18824A29006,6,7/26/17,,7A6ROG1M,B001CMZB4U,6,1E18824-A29,3.06
18824A29006,6,7/26/17,,7A6ROG1M,B005P0X2Q4,14,1E18824-A29,0.00
18806A29075,75,7/26/17,,4S5LSBAC,B0108BCZIU,24,1E18806-A29,9.60
18806A29075,75,7/26/17,,4S5LSBAC,B00CHLFWGM,18,1E18806-A29,2.70
18806A29075,75,7/26/17,,4S5LSBAC,B000GG7TE8,6,1E18806-A29,0.90
18806A29075,75,7/26/17,,4S5LSBAC,B0089QD9WI,3,1E18806-A29,0.45
18806A29075,75,7/26/17,,4S5LSBAC,B004SCT85E,12,1E18806-A29,0.00
18806A29075,75,7/26/17,,4S5LSBAC,B0017TNRIK,6,1E18806-A29,6.00
18751A29109,109,7/26/17,,1Y7OH95A,B000P158OW,48,1E18751-A29,9.12
18806A29076,76,7/26/17,,4S5LSBAC,B000P158OW,72,1E18806-A29,13.68
18806A29077,77,7/26/17,,4S5LSBAC,B000P158OW,72,1E18806-A29,13.68
18806A29078,78,7/26/17,,4S5LSBAC,B000P158OW,72,1E18806-A29,13.68
18806A29079,79,7/26/17,,4S5LSBAC,B000P158OW,48,1E18806-A29,9.12
18800A29026,26,7/26/17,,4L2CINBX,B00CNHJO9G,6,1E18800-A29,0.00
18800A29026,26,7/26/17,,4L2CINBX,B005P0J9RA,28,1E18800-A29,5.88
18744A29128,128,7/26/17,,1T4M9SBK,B000GCHKKK,3,1E18744-A29,0.66
18744A29128,128,7/26/17,,1T4M9SBK,B0007U07UG,7,1E18744-A29,12.95
18806A29080,80,7/26/17,,4S5LSBAC,B0017TNRIK,6,1E18806-A29,6.00
18806A29080,80,7/26/17,,4S5LSBAC,B000GG7X7G,12,1E18806-A29,0.48
18806A29080,80,7/26/17,,4S5LSBAC,B000Q8ISXM,12,1E18806-A29,2.40
18806A29080,80,7/26/17,,4S5LSBAC,B00FW2BR0S,36,1E18806-A29,12.60
18806A29080,80,7/26/17,,4S5LSBAC,B00B6QWZPU,10,1E18806-A29,0.00
18806A29080,80,7/26/17,,4S5LSBAC,B001V9UQOE,12,1E18806-A29,0.00
18806A29080,80,7/26/17,,4S5LSBAC,B004FI3QBI,10,1E18806-A29,3.50
18806A29080,80,7/26/17,,4S5LSBAC,B0002XJZM4,24,1E18806-A29,0.00
18744A29129,129,7/26/17,,1T4M9SBK,B00FBP3BIM,4,1E18744-A29,11.00
18751A29110,110,7/26/17,,1Y7OH95A,B000GG7X7G,12,1E18751-A29,0.48
18751A29110,110,7/26/17,,1Y7OH95A,B00B6QWZPU,20,1E18751-A29,0.00
18751A29110,110,7/26/17,,1Y7OH95A,B001V9UQOE,12,1E18751-A29,0.00
18751A29110,110,7/26/17,,1Y7OH95A,B000GCL2CW,20,1E18751-A29,1.00
18751A29110,110,7/26/17,,1Y7OH95A,B00CRF0Z1K,12,1E18751-A29,0.00
18751A29110,110,7/26/17,,1Y7OH95A,B00270AG9Q,12,1E18751-A29,0.00
18751A29110,110,7/26/17,,1Y7OH95A,B0002XJZM4,12,1E18751-A29,0.00
18751A29110,110,7/26/17,,1Y7OH95A,B000GCHWLC,12,1E18751-A29,6.00
18744A29130,130,7/26/17,,1T4M9SBK,B000GCNBNA,24,1E18744-A29,0.00
18744A29130,130,7/26/17,,1T4M9SBK,B004KWLXM8,36,1E18744-A29,16.20
18744A29130,130,7/26/17,,1T4M9SBK,B00IU0PHK0,10,1E18744-A29,0.00
18798A29092,92,7/26/17,,4L2CINBX,B0076OPHYM,30,1E18798-A29,1.80
18798A29092,92,7/26/17,,4L2CINBX,B004KWLXM8,12,1E18798-A29,5.40
18798A29092,92,7/26/17,,4L2CINBX,B00822AM9M,4,1E18798-A29,2.40
18747A29057,57,7/26/17,,1T4M9SBK,B0007XNOAS,25,1E18747-A29,24.00
18747A29058,58,7/26/17,,1T4M9SBK,B0007XNOAS,18,1E18747-A29,17.28
18798A29093,93,7/26/17,,4L2CINBX,B001V9UQOE,12,1E18798-A29,0.00
18798A29093,93,7/26/17,,4L2CINBX,B00HTIUFEW,108,1E18798-A29,15.12
18798A29093,93,7/26/17,,4L2CINBX,B00CREXTQ4,24,1E18798-A29,1.44
18798A29094,94,7/26/17,,4L2CINBX,B000GCURBO,24,1E18798-A29,20.40
18744A29131,131,7/26/17,,1T4M9SBK,B00IU0PHK0,2,1E18744-A29,0.00
18744A29131,131,7/26/17,,1T4M9SBK,B000VD3BX4,8,1E18744-A29,0.00
18744A29131,131,7/26/17,,1T4M9SBK,B0002XJZM4,12,1E18744-A29,0.00
18798A29095,95,7/26/17,,4L2CINBX,B000GVTCSO,10,1E18798-A29,6.20
18798A29095,95,7/26/17,,4L2CINBX,B002AQRICU,2,1E18798-A29,2.10
18798A29095,95,7/26/17,,4L2CINBX,B000ZC0S5A,4,1E18798-A29,0.00
18798A29095,95,7/26/17,,4L2CINBX,B000NWCRI8,21,1E18798-A29,9.45
18798A29095,95,7/26/17,,4L2CINBX,B001JN01A6,12,1E18798-A29,0.00
18798A29095,95,7/26/17,,4L2CINBX,B00822AM9M,2,1E18798-A29,1.20
18806A29081,81,7/26/17,,4S5LSBAC,B00JGU5CB2,12,1E18806-A29,0.00
18806A29081,81,7/26/17,,4S5LSBAC,B00KCEKKPO,44,1E18806-A29,14.96
18744A29132,132,7/26/17,,1T4M9SBK,B000N5S0RC,2,1E18744-A29,0.00
18744A29132,132,7/26/17,,1T4M9SBK,B000GCI9NM,7,1E18744-A29,1.75
18744A29132,132,7/26/17,,1T4M9SBK,B001V9V1XY,21,1E18744-A29,4.83
18744A29132,132,7/26/17,,1T4M9SBK,B001JN01A6,12,1E18744-A29,0.00
18744A29132,132,7/26/17,,1T4M9SBK,B00HYZM6HY,4,1E18744-A29,2.40
18747A29059,59,7/26/17,,1T4M9SBK,B002BVSNLO,23,1E18747-A29,19.55
18747A29059,59,7/26/17,,1T4M9SBK,B004RRPOPI,12,1E18747-A29,0.00
18806A29082,82,7/26/17,,4S5LSBAC,B00K7RQ1KE,12,1E18806-A29,0.00
18806A29082,82,7/26/17,,4S5LSBAC,B0089S02TO,9,1E18806-A29,0.00
18806A29082,82,7/26/17,,4S5LSBAC,B005X9IUB4,6,1E18806-A29,5.10
18806A29082,82,7/26/17,,4S5LSBAC,B000FQ5NNI,12,1E18806-A29,5.28
18806A29082,82,7/26/17,,4S5LSBAC,B00O08UXMS,7,1E18806-A29,0.14
18806A29082,82,7/26/17,,4S5LSBAC,B003JTA65S,10,1E18806-A29,1.00
18800A29027,27,7/26/17,,4L2CINBX,B00014D0A2,24,1E18800-A29,6.96
18800A29027,27,7/26/17,,4L2CINBX,B00QX9D36A,6,1E18800-A29,2.70
18800A29027,27,7/26/17,,4L2CINBX,B00014DXK4,12,1E18800-A29,2.16
18800A29027,27,7/26/17,,4L2CINBX,B00TJ17KLI,12,1E18800-A29,1.68
18806A29083,83,7/26/17,,4S5LSBAC,B009K6Z4SI,24,1E18806-A29,0.00
18806A29083,83,7/26/17,,4S5LSBAC,B000ZC0S5A,12,1E18806-A29,0.00
18806A29083,83,7/26/17,,4S5LSBAC,B000UUGZJU,12,1E18806-A29,0.60
18806A29083,83,7/26/17,,4S5LSBAC,B0011DQMNY,12,1E18806-A29,0.60
18806A29083,83,7/26/17,,4S5LSBAC,B00J4TDZX2,6,1E18806-A29,3.36
18732A29036,36,7/26/17,,1MHKL13I,B008RN5T94,12,1E18732-A29,0.00
18732A29036,36,7/26/17,,1MHKL13I,B009LRVC0K,4,1E18732-A29,3.60
18732A29036,36,7/26/17,,1MHKL13I,B0006GE5FY,12,1E18732-A29,0.00
18732A29036,36,7/26/17,,1MHKL13I,B000FQ5NNI,12,1E18732-A29,5.28
18732A29036,36,7/26/17,,1MHKL13I,B000092YOX,3,1E18732-A29,1.05
18732A29036,36,7/26/17,,1MHKL13I,B015QMLYY2,24,1E18732-A29,4.80
18732A29036,36,7/26/17,,1MHKL13I,B00IU0PHK0,7,1E18732-A29,0.00
18751A29111,111,7/26/17,,1Y7OH95A,B00H3T4PQ6,8,1E18751-A29,4.00
18751A29111,111,7/26/17,,1Y7OH95A,B0017TU2HE,12,1E18751-A29,0.48
18751A29111,111,7/26/17,,1Y7OH95A,B003S5J1YU,4,1E18751-A29,0.04
18751A29111,111,7/26/17,,1Y7OH95A,B015OAOFZQ,1,1E18751-A29,0.75
18751A29111,111,7/26/17,,1Y7OH95A,B000FQ5NNI,12,1E18751-A29,5.28
18751A29111,111,7/26/17,,1Y7OH95A,B00O08UXMS,12,1E18751-A29,0.24
18751A29111,111,7/26/17,,1Y7OH95A,B001E25USU,12,1E18751-A29,1.20
18751A29111,111,7/26/17,,1Y7OH95A,B0006GE5FY,12,1E18751-A29,0.00
18747A29060,60,7/26/17,,1T4M9SBK,B003VVXUU2,20,1E18747-A29,5.00
18747A29061,61,7/26/17,,1T4M9SBK,B004RRPOPI,4,1E18747-A29,0.00
18747A29061,61,7/26/17,,1T4M9SBK,B0029W7RYY,12,1E18747-A29,0.00
18747A29061,61,7/26/17,,1T4M9SBK,B013FAMSOW,2,1E18747-A29,0.00
18751A29112,112,7/26/17,,1Y7OH95A,B003JTA65S,10,1E18751-A29,1.00
18751A29112,112,7/26/17,,1Y7OH95A,B0014C2JQ6,12,1E18751-A29,0.00
18751A29112,112,7/26/17,,1Y7OH95A,B007KKUYXG,18,1E18751-A29,0.00
18751A29112,112,7/26/17,,1Y7OH95A,B003S5J1YU,16,1E18751-A29,0.16
18744A29133,133,7/26/17,,1T4M9SBK,B00HYZM6HY,9,1E18744-A29,5.40
18744A29133,133,7/26/17,,1T4M9SBK,B00B7K0Z8E,1,1E18744-A29,1.68
18744A29133,133,7/26/17,,1T4M9SBK,B004VELWDK,3,1E18744-A29,0.00
18744A29133,133,7/26/17,,1T4M9SBK,B01DCCE6DY,3,1E18744-A29,0.00
18751A29113,113,7/26/17,,1Y7OH95A,B015QMLYY2,12,1E18751-A29,2.40
18751A29113,113,7/26/17,,1Y7OH95A,B000NOMSBW,4,1E18751-A29,0.20
18751A29113,113,7/26/17,,1Y7OH95A,B010OV9K1O,12,1E18751-A29,1.20
18751A29113,113,7/26/17,,1Y7OH95A,B00KV23WHU,12,1E18751-A29,12.00
18798A29096,96,7/26/17,,4L2CINBX,B015QMLYY2,12,1E18798-A29,2.40
18751A29114,114,7/26/17,,1Y7OH95A,B00NAG7AF4,38,1E18751-A29,3.80
18798A29097,97,7/26/17,,4L2CINBX,B015YGW9F8,12,1E18798-A29,0.24
18798A29097,97,7/26/17,,4L2CINBX,B01IN5GHWI,4,1E18798-A29,1.80
18747A29062,62,7/26/17,,1T4M9SBK,B01GK0DPHI,25,1E18747-A29,0.00
18747A29063,63,7/26/17,,1T4M9SBK,B01GK0DPHI,25,1E18747-A29,0.00
18747A29064,64,7/26/17,,1T4M9SBK,B01GK0DPHI,25,1E18747-A29,0.00
18747A29065,65,7/26/17,,1T4M9SBK,B01GK0DPHI,25,1E18747-A29,0.00
18747A29066,66,7/26/17,,1T4M9SBK,B01GK0DPHI,25,1E18747-A29,0.00
18747A29067,67,7/26/17,,1T4M9SBK,B01GK0DPHI,25,1E18747-A29,0.00
18747A29068,68,7/26/17,,1T4M9SBK,B01GK0DPHI,25,1E18747-A29,0.00
18747A29069,69,7/26/17,,1T4M9SBK,B01GK0DPHI,25,1E18747-A29,0.00
18747A29070,70,7/26/17,,1T4M9SBK,B01GK0DPHI,25,1E18747-A29,0.00
18747A29071,71,7/26/17,,1T4M9SBK,B01GK0DPHI,25,1E18747-A29,0.00
18747A29072,72,7/26/17,,1T4M9SBK,B01GK0DPHI,25,1E18747-A29,0.00
18747A29073,73,7/26/17,,1T4M9SBK,B01GK0DPHI,25,1E18747-A29,0.00
18747A29074,74,7/26/17,,1T4M9SBK,B01GK0DPHI,25,1E18747-A29,0.00
18747A29075,75,7/26/17,,1T4M9SBK,B01GK0DPHI,25,1E18747-A29,0.00
18747A29076,76,7/26/17,,1T4M9SBK,B01GK0DPHI,25,1E18747-A29,0.00
18747A29077,77,7/26/17,,1T4M9SBK,B01GK0DPHI,25,1E18747-A29,0.00
18732A29037,37,7/26/17,,1MHKL13I,B00IU0PHK0,4,1E18732-A29,0.00
18732A29037,37,7/26/17,,1MHKL13I,B000NOMSBW,2,1E18732-A29,0.10
18800A29028,28,7/26/17,,4L2CINBX,B0054RP1OO,12,1E18800-A29,0.00
18800A29029,29,7/26/17,,4L2CINBX,B0054RP1OO,12,1E18800-A29,0.00
18800A29030,30,7/26/17,,4L2CINBX,B0054RP1OO,12,1E18800-A29,0.00
18751A29115,115,7/26/17,,1Y7OH95A,B00BD1BXJM,12,1E18751-A29,5.40
18751A29116,116,7/26/17,,1Y7OH95A,B00BD1BXJM,12,1E18751-A29,5.40
18751A29117,117,7/26/17,,1Y7OH95A,B00BD1BXJM,12,1E18751-A29,5.40
18751A29118,118,7/26/17,,1Y7OH95A,B00BD1BXJM,12,1E18751-A29,5.40
18751A29119,119,7/26/17,,1Y7OH95A,B00BD1BXJM,12,1E18751-A29,5.40
18751A29120,120,7/26/17,,1Y7OH95A,B00BD1BXJM,12,1E18751-A29,5.40
18751A29121,121,7/26/17,,1Y7OH95A,B00BD1BXJM,12,1E18751-A29,5.40
18751A29122,122,7/26/17,,1Y7OH95A,B00BD1BXJM,12,1E18751-A29,5.40
18751A29123,123,7/26/17,,1Y7OH95A,B00BD1BXJM,12,1E18751-A29,5.40
18751A29124,124,7/26/17,,1Y7OH95A,B00BD1BXJM,12,1E18751-A29,5.40
18751A29125,125,7/26/17,,1Y7OH95A,B00BD1BXJM,12,1E18751-A29,5.40
18751A29126,126,7/26/17,,1Y7OH95A,B00BD1BXJM,12,1E18751-A29,5.40
18751A29127,127,7/26/17,,1Y7OH95A,B00BD1BXJM,12,1E18751-A29,5.40
18798A29098,98,7/26/17,,4L2CINBX,B00BD1BXJM,12,1E18798-A29,5.40
18798A29099,99,7/26/17,,4L2CINBX,B00BD1BXJM,12,1E18798-A29,5.40
18798A29100,100,7/26/17,,4L2CINBX,B00BD1BXJM,12,1E18798-A29,5.40
18798A29101,101,7/26/17,,4L2CINBX,B00BD1BXJM,12,1E18798-A29,5.40
18798A29102,102,7/26/17,,4L2CINBX,B00BD1BXJM,12,1E18798-A29,5.40
18798A29103,103,7/26/17,,4L2CINBX,B00BD1BXJM,12,1E18798-A29,5.40
18798A29104,104,7/26/17,,4L2CINBX,B00BD1BXJM,12,1E18798-A29,5.40
18798A29105,105,7/26/17,,4L2CINBX,B00BD1BXJM,12,1E18798-A29,5.40
18798A29106,106,7/26/17,,4L2CINBX,B00BD1BXJM,12,1E18798-A29,5.40
18798A29107,107,7/26/17,,4L2CINBX,B00BD1BXJM,12,1E18798-A29,5.40
18798A29108,108,7/26/17,,4L2CINBX,B00BD1BXJM,12,1E18798-A29,5.40
18798A29109,109,7/26/17,,4L2CINBX,B00BD1BXJM,12,1E18798-A29,5.40
18798A29110,110,7/26/17,,4L2CINBX,B00BD1BXJM,12,1E18798-A29,5.40
18798A29111,111,7/26/17,,4L2CINBX,B00BD1BXJM,12,1E18798-A29,5.40
18798A29112,112,7/26/17,,4L2CINBX,B00BD1BXJM,12,1E18798-A29,5.40
18798A29113,113,7/26/17,,4L2CINBX,B00BD1BXJM,12,1E18798-A29,5.40
18798A29114,114,7/26/17,,4L2CINBX,B00BD1BXJM,12,1E18798-A29,5.40
18798A29115,115,7/26/17,,4L2CINBX,B00BD1BXJM,12,1E18798-A29,5.40
18798A29116,116,7/26/17,,4L2CINBX,B00BD1BXJM,12,1E18798-A29,5.40
18798A29117,117,7/26/17,,4L2CINBX,B00BD1BXJM,12,1E18798-A29,5.40
18798A29118,118,7/26/17,,4L2CINBX,B00BD1BXJM,12,1E18798-A29,5.40
18798A29119,119,7/26/17,,4L2CINBX,B00BD1BXJM,12,1E18798-A29,5.40
18798A29120,120,7/26/17,,4L2CINBX,B00BD1BXJM,12,1E18798-A29,5.40
18798A29121,121,7/26/17,,4L2CINBX,B00BD1BXJM,12,1E18798-A29,5.40
18798A29122,122,7/26/17,,4L2CINBX,B00BD1BXJM,12,1E18798-A29,5.40
18798A29123,123,7/26/17,,4L2CINBX,B00BD1BXJM,12,1E18798-A29,5.40
18798A29124,124,7/26/17,,4L2CINBX,B00BD1BXJM,12,1E18798-A29,5.40
18798A29125,125,7/26/17,,4L2CINBX,B00BD1BXJM,12,1E18798-A29,5.40
18798A29126,126,7/26/17,,4L2CINBX,B00BD1BXJM,12,1E18798-A29,5.40
18798A29127,127,7/26/17,,4L2CINBX,B00BD1BXJM,12,1E18798-A29,5.40
18798A29128,128,7/26/17,,4L2CINBX,B00BD1BXJM,12,1E18798-A29,5.40
18798A29129,129,7/26/17,,4L2CINBX,B00BD1BXJM,12,1E18798-A29,5.40
18798A29130,130,7/26/17,,4L2CINBX,B00BD1BXJM,12,1E18798-A29,5.40
18798A29131,131,7/26/17,,4L2CINBX,B00BD1BXJM,12,1E18798-A29,5.40
18798A29132,132,7/26/17,,4L2CINBX,B00BD1BXJM,12,1E18798-A29,5.40
18798A29133,133,7/26/17,,4L2CINBX,B00BD1BXJM,12,1E18798-A29,5.40
18798A29134,134,7/26/17,,4L2CINBX,B00BD1BXJM,12,1E18798-A29,5.40
18798A29135,135,7/26/17,,4L2CINBX,B00BD1BXJM,12,1E18798-A29,5.40
18798A29136,136,7/26/17,,4L2CINBX,B00BD1BXJM,12,1E18798-A29,5.40
18798A29137,137,7/26/17,,4L2CINBX,B00BD1BXJM,12,1E18798-A29,5.40
18798A29138,138,7/26/17,,4L2CINBX,B00BD1BXJM,12,1E18798-A29,5.40
18798A29139,139,7/26/17,,4L2CINBX,B00BD1BXJM,12,1E18798-A29,5.40
18798A29140,140,7/26/17,,4L2CINBX,B00BD1BXJM,12,1E18798-A29,5.40
18798A29141,141,7/26/17,,4L2CINBX,B00BD1BXJM,12,1E18798-A29,5.40
18798A29142,142,7/26/17,,4L2CINBX,B00BD1BXJM,12,1E18798-A29,5.40
18798A29143,143,7/26/17,,4L2CINBX,B00BD1BXJM,12,1E18798-A29,5.40
18798A29144,144,7/26/17,,4L2CINBX,B00BD1BXJM,12,1E18798-A29,5.40
18798A29145,145,7/26/17,,4L2CINBX,B00BD1BXJM,12,1E18798-A29,5.40
18798A29146,146,7/26/17,,4L2CINBX,B00BD1BXJM,12,1E18798-A29,5.40
18798A29147,147,7/26/17,,4L2CINBX,B00BD1BXJM,12,1E18798-A29,5.40
18798A29148,148,7/26/17,,4L2CINBX,B00BD1BXJM,12,1E18798-A29,5.40
18798A29149,149,7/26/17,,4L2CINBX,B00BD1BXJM,12,1E18798-A29,5.40
18798A29150,150,7/26/17,,4L2CINBX,B00BD1BXJM,12,1E18798-A29,5.40
18798A29151,151,7/26/17,,4L2CINBX,B00BD1BXJM,12,1E18798-A29,5.40
18798A29152,152,7/26/17,,4L2CINBX,B00BD1BXJM,12,1E18798-A29,5.40
18798A29153,153,7/26/17,,4L2CINBX,B00BD1BXJM,12,1E18798-A29,5.40
18798A29154,154,7/26/17,,4L2CINBX,B00BD1BXJM,12,1E18798-A29,5.40
18798A29155,155,7/26/17,,4L2CINBX,B00BD1BXJM,12,1E18798-A29,5.40
18798A29156,156,7/26/17,,4L2CINBX,B00BD1BXJM,12,1E18798-A29,5.40
18798A29157,157,7/26/17,,4L2CINBX,B00BD1BXJM,12,1E18798-A29,5.40
18798A29158,158,7/26/17,,4L2CINBX,B00BD1BXJM,12,1E18798-A29,5.40
18798A29159,159,7/26/17,,4L2CINBX,B00BD1BXJM,12,1E18798-A29,5.40
18798A29160,160,7/26/17,,4L2CINBX,B00BD1BXJM,12,1E18798-A29,5.40
18798A29161,161,7/26/17,,4L2CINBX,B00BD1BXJM,12,1E18798-A29,5.40
18798A29162,162,7/26/17,,4L2CINBX,B00BD1BXJM,12,1E18798-A29,5.40
18798A29163,163,7/26/17,,4L2CINBX,B00BD1BXJM,12,1E18798-A29,5.40
18798A29164,164,7/26/17,,4L2CINBX,B00BD1BXJM,12,1E18798-A29,5.40
18798A29165,165,7/26/17,,4L2CINBX,B00BD1BXJM,12,1E18798-A29,5.40
18798A29166,166,7/26/17,,4L2CINBX,B00BD1BXJM,12,1E18798-A29,5.40
18798A29167,167,7/26/17,,4L2CINBX,B00BD1BXJM,12,1E18798-A29,5.40
18798A29168,168,7/26/17,,4L2CINBX,B00BD1BXJM,12,1E18798-A29,5.40
18798A29169,169,7/26/17,,4L2CINBX,B00BD1BXJM,12,1E18798-A29,5.40
18798A29170,170,7/26/17,,4L2CINBX,B00BD1BXJM,12,1E18798-A29,5.40
18798A29171,171,7/26/17,,4L2CINBX,B00BD1BXJM,12,1E18798-A29,5.40
18798A29172,172,7/26/17,,4L2CINBX,B00BD1BXJM,12,1E18798-A29,5.40
18798A29173,173,7/26/17,,4L2CINBX,B00BD1BXJM,12,1E18798-A29,5.40
18798A29174,174,7/26/17,,4L2CINBX,B00BD1BXJM,12,1E18798-A29,5.40
18798A29175,175,7/26/17,,4L2CINBX,B00BD1BXJM,12,1E18798-A29,5.40
18798A29176,176,7/26/17,,4L2CINBX,B00BD1BXJM,12,1E18798-A29,5.40
18798A29177,177,7/26/17,,4L2CINBX,B00BD1BXJM,12,1E18798-A29,5.40
18798A29178,178,7/26/17,,4L2CINBX,B00BD1BXJM,12,1E18798-A29,5.40
18798A29179,179,7/26/17,,4L2CINBX,B00BD1BXJM,12,1E18798-A29,5.40
18798A29180,180,7/26/17,,4L2CINBX,B00BD1BXJM,12,1E18798-A29,5.40
18798A29181,181,7/26/17,,4L2CINBX,B00BD1BXJM,12,1E18798-A29,5.40
18798A29182,182,7/26/17,,4L2CINBX,B00BD1BXJM,12,1E18798-A29,5.40
18798A29183,183,7/26/17,,4L2CINBX,B00BD1BXJM,12,1E18798-A29,5.40
18798A29184,184,7/26/17,,4L2CINBX,B00BD1BXJM,12,1E18798-A29,5.40
18798A29185,185,7/26/17,,4L2CINBX,B00BD1BXJM,12,1E18798-A29,5.40
18806A29084,84,7/26/17,,4S5LSBAC,B00O19G14K,12,1E18806-A29,10.80
18744A29134,134,7/26/17,,1T4M9SBK,B01DCCE6DY,4,1E18744-A29,0.00
18744A29134,134,7/26/17,,1T4M9SBK,B008LHOPX2,12,1E18744-A29,6.12
18744A29134,134,7/26/17,,1T4M9SBK,B00E4MRRXI,8,1E18744-A29,0.00
18798A29186,186,7/26/17,,4L2CINBX,B00O19G14K,12,1E18798-A29,10.80
18778A29007,7,7/26/17,,3CG6GBHR,B00O19G14K,12,1E18778-A29,10.80
18751A29128,128,7/26/17,,1Y7OH95A,B00O19G14K,12,1E18751-A29,10.80
18744A29135,135,7/26/17,,1T4M9SBK,B01DCCE6DY,8,1E18744-A29,0.00
18744A29136,136,7/26/17,,1T4M9SBK,B01DCCE6DY,8,1E18744-A29,0.00
18744A29137,137,7/26/17,,1T4M9SBK,B01DCCE6DY,8,1E18744-A29,0.00
18744A29138,138,7/26/17,,1T4M9SBK,B01DCCE6DY,8,1E18744-A29,0.00
18744A29139,139,7/26/17,,1T4M9SBK,B01DCCE6DY,8,1E18744-A29,0.00
18744A29140,140,7/26/17,,1T4M9SBK,B01DCCE6DY,8,1E18744-A29,0.00
18747A29078,78,7/26/17,,1T4M9SBK,B01HRDE1AC,1,1E18747-A29,0.00
18800A29031,31,7/26/17,,4L2CINBX,B000LT0SK2,60,1E18800-A29,19.20
18744A29141,141,7/26/17,,1T4M9SBK,B004AI7LUU,24,1E18744-A29,14.40
18808A29029,29,7/26/17,,4S5LSBAC,B004URYB7W,4,1E18808-A29,2.40
18808A29029,29,7/26/17,,4S5LSBAC,B0019I3KT0,48,1E18808-A29,6.24
18808A29029,29,7/26/17,,4S5LSBAC,B002BZJ1RU,12,1E18808-A29,0.00
18808A29029,29,7/26/17,,4S5LSBAC,B00C69I6AO,24,1E18808-A29,0.00
18806A29085,85,7/26/17,,4S5LSBAC,B0039283FU,16,1E18806-A29,0.00
18806A29086,86,7/26/17,,4S5LSBAC,B0039283FU,16,1E18806-A29,0.00
18806A29087,87,7/26/17,,4S5LSBAC,B0039283FU,16,1E18806-A29,0.00
18806A29088,88,7/26/17,,4S5LSBAC,B0039283FU,16,1E18806-A29,0.00
18806A29089,89,7/26/17,,4S5LSBAC,B0039283FU,16,1E18806-A29,0.00
18806A29090,90,7/26/17,,4S5LSBAC,B0039283FU,16,1E18806-A29,0.00
18806A29091,91,7/26/17,,4S5LSBAC,B00J4TDZX2,6,1E18806-A29,3.36
18806A29091,91,7/26/17,,4S5LSBAC,B01IN5GHWI,12,1E18806-A29,5.40
18806A29091,91,7/26/17,,4S5LSBAC,B004AI9234,19,1E18806-A29,7.98
18781A29005,5,7/26/17,,3CG6GBHR,B0019I3KT0,12,1E18781-A29,1.56
18751A29129,129,7/26/17,,1Y7OH95A,B00KM8ZLYA,36,1E18751-A29,21.60
18751A29130,130,7/26/17,,1Y7OH95A,B00KM8ZLYA,12,1E18751-A29,7.20
18751A29130,130,7/26/17,,1Y7OH95A,B00E4MRRXI,12,1E18751-A29,0.00
18751A29130,130,7/26/17,,1Y7OH95A,B004AI9234,3,1E18751-A29,1.26
18778A29008,8,7/26/17,,3CG6GBHR,B00KM8ZLYA,12,1E18778-A29,7.20
18798A29187,187,7/26/17,,4L2CINBX,B00KM8ZLYA,36,1E18798-A29,21.60
18798A29188,188,7/26/17,,4L2CINBX,B00KM8ZLYA,12,1E18798-A29,7.20
18744A29142,142,7/26/17,,1T4M9SBK,B008IVS4A6,8,1E18744-A29,7.68
18805A29053,53,7/26/17,,4S5LSBAC,B0013U5PV0,10,1E18805-A29,20.00
18805A29054,54,7/26/17,,4S5LSBAC,B0013U5PV0,10,1E18805-A29,20.00
18805A29055,55,7/26/17,,4S5LSBAC,B0013U5PV0,10,1E18805-A29,20.00
18805A29056,56,7/26/17,,4S5LSBAC,B0013U5PV0,10,1E18805-A29,20.00
18805A29057,57,7/26/17,,4S5LSBAC,B0013U5PV0,10,1E18805-A29,20.00
18805A29058,58,7/26/17,,4S5LSBAC,B0013U5PV0,10,1E18805-A29,20.00
18805A29059,59,7/26/17,,4S5LSBAC,B0013U5PV0,10,1E18805-A29,20.00
18805A29060,60,7/26/17,,4S5LSBAC,B0013U5PV0,10,1E18805-A29,20.00
18805A29061,61,7/26/17,,4S5LSBAC,B0013U5PV0,10,1E18805-A29,20.00
18805A29062,62,7/26/17,,4S5LSBAC,B0013U5PV0,10,1E18805-A29,20.00
18805A29063,63,7/26/17,,4S5LSBAC,B0013U5PV0,10,1E18805-A29,20.00
18805A29064,64,7/26/17,,4S5LSBAC,B008YKLX5O,25,1E18805-A29,33.75
18805A29065,65,7/26/17,,4S5LSBAC,B008YKLX5O,25,1E18805-A29,33.75
18805A29066,66,7/26/17,,4S5LSBAC,B008YKLX5O,25,1E18805-A29,33.75
18805A29067,67,7/26/17,,4S5LSBAC,B008YKLX5O,25,1E18805-A29,33.75
18805A29068,68,7/26/17,,4S5LSBAC,B008YKLX5O,25,1E18805-A29,33.75
18805A29069,69,7/26/17,,4S5LSBAC,B008YKLX5O,25,1E18805-A29,33.75
18805A29070,70,7/26/17,,4S5LSBAC,B008YKLX5O,25,1E18805-A29,33.75
18805A29071,71,7/26/17,,4S5LSBAC,B008YKLX5O,25,1E18805-A29,33.75
18805A29072,72,7/26/17,,4S5LSBAC,B008YKLX5O,25,1E18805-A29,33.75
18805A29073,73,7/26/17,,4S5LSBAC,B008YKLX5O,25,1E18805-A29,33.75
18805A29074,74,7/26/17,,4S5LSBAC,B00BTIUFYS,25,1E18805-A29,38.75
18805A29075,75,7/26/17,,4S5LSBAC,B00BTIUFYS,25,1E18805-A29,38.75
18805A29076,76,7/26/17,,4S5LSBAC,B00BTIUFYS,25,1E18805-A29,38.75
18805A29077,77,7/26/17,,4S5LSBAC,B00EUBHHD8,25,1E18805-A29,35.00
18805A29078,78,7/26/17,,4S5LSBAC,B00EUBHHD8,25,1E18805-A29,35.00
18805A29079,79,7/26/17,,4S5LSBAC,B00EUBHHD8,25,1E18805-A29,35.00
18805A29080,80,7/26/17,,4S5LSBAC,B00EUBHHD8,25,1E18805-A29,35.00
18805A29081,81,7/26/17,,4S5LSBAC,B00EUBHHD8,25,1E18805-A29,35.00
18805A29082,82,7/26/17,,4S5LSBAC,B00EUBHHD8,25,1E18805-A29,35.00
18805A29083,83,7/26/17,,4S5LSBAC,B00EUBHHD8,25,1E18805-A29,35.00
18805A29084,84,7/26/17,,4S5LSBAC,B00EUBHHD8,25,1E18805-A29,35.00
18805A29085,85,7/26/17,,4S5LSBAC,B00EUBHHD8,25,1E18805-A29,35.00
18805A29086,86,7/26/17,,4S5LSBAC,B00EUBHHD8,25,1E18805-A29,35.00
18805A29087,87,7/26/17,,4S5LSBAC,B00EUBHHD8,25,1E18805-A29,35.00
18805A29088,88,7/26/17,,4S5LSBAC,B00EUBHHD8,25,1E18805-A29,35.00
18805A29089,89,7/26/17,,4S5LSBAC,B00EUBHHD8,25,1E18805-A29,35.00
18805A29090,90,7/26/17,,4S5LSBAC,B00EUBHHD8,25,1E18805-A29,35.00
18805A29091,91,7/26/17,,4S5LSBAC,B00EUBHHD8,25,1E18805-A29,35.00
18805A29092,92,7/26/17,,4S5LSBAC,B00FMEOJG0,1,1E18805-A29,5.28
18805A29093,93,7/26/17,,4S5LSBAC,B00FMEOJG0,1,1E18805-A29,5.28
18805A29094,94,7/26/17,,4S5LSBAC,B00FMEOJG0,1,1E18805-A29,5.28
18805A29095,95,7/26/17,,4S5LSBAC,B00FMEOJG0,1,1E18805-A29,5.28
18805A29096,96,7/26/17,,4S5LSBAC,B00FMEOJG0,1,1E18805-A29,5.28
18805A29097,97,7/26/17,,4S5LSBAC,B00FMEOJG0,1,1E18805-A29,5.28
18805A29098,98,7/26/17,,4S5LSBAC,B00FMEOJG0,1,1E18805-A29,5.28
18805A29099,99,7/26/17,,4S5LSBAC,B00FMEOJG0,1,1E18805-A29,5.28
18805A29100,100,7/26/17,,4S5LSBAC,B00FMEOJG0,1,1E18805-A29,5.28
18805A29101,101,7/26/17,,4S5LSBAC,B00FMEOJG0,1,1E18805-A29,5.28
18805A29102,102,7/26/17,,4S5LSBAC,B00FMEOJG0,1,1E18805-A29,5.28
18805A29103,103,7/26/17,,4S5LSBAC,B00FMEOJG0,1,1E18805-A29,5.28
18805A29104,104,7/26/17,,4S5LSBAC,B00FMEOJG0,1,1E18805-A29,5.28
18805A29105,105,7/26/17,,4S5LSBAC,B00FMEOJG0,1,1E18805-A29,5.28
18805A29106,106,7/26/17,,4S5LSBAC,B00FMEOJG0,1,1E18805-A29,5.28
18805A29107,107,7/26/17,,4S5LSBAC,B00FMEOJG0,1,1E18805-A29,5.28
18805A29108,108,7/26/17,,4S5LSBAC,B00FMEOJG0,1,1E18805-A29,5.28
18805A29109,109,7/26/17,,4S5LSBAC,B00FMEOJG0,1,1E18805-A29,5.28
18805A29110,110,7/26/17,,4S5LSBAC,B00FMEOJG0,1,1E18805-A29,5.28
18805A29111,111,7/26/17,,4S5LSBAC,B00FMEOJG0,1,1E18805-A29,5.28
18805A29112,112,7/26/17,,4S5LSBAC,B00FMEOJG0,1,1E18805-A29,5.28
18805A29113,113,7/26/17,,4S5LSBAC,B00FMEOJG0,1,1E18805-A29,5.28
18805A29114,114,7/26/17,,4S5LSBAC,B00FMEOJG0,1,1E18805-A29,5.28
18805A29115,115,7/26/17,,4S5LSBAC,B00FMEOJG0,1,1E18805-A29,5.28
18805A29116,116,7/26/17,,4S5LSBAC,B00FMEOJG0,1,1E18805-A29,5.28
18805A29117,117,7/26/17,,4S5LSBAC,B00FMEOJG0,1,1E18805-A29,5.28
18805A29118,118,7/26/17,,4S5LSBAC,B00FMEOJG0,1,1E18805-A29,5.28
18805A29119,119,7/26/17,,4S5LSBAC,B00FMEOJG0,1,1E18805-A29,5.28
18805A29120,120,7/26/17,,4S5LSBAC,B00FMEOJG0,1,1E18805-A29,5.28
18805A29121,121,7/26/17,,4S5LSBAC,B00FMEOJG0,1,1E18805-A29,5.28
18805A29122,122,7/26/17,,4S5LSBAC,B00FMEOJG0,1,1E18805-A29,5.28
18805A29123,123,7/26/17,,4S5LSBAC,B00FMEOJG0,1,1E18805-A29,5.28
18805A29124,124,7/26/17,,4S5LSBAC,B00FMEOJG0,1,1E18805-A29,5.28
18805A29125,125,7/26/17,,4S5LSBAC,B00FMEOJG0,1,1E18805-A29,5.28
18805A29126,126,7/26/17,,4S5LSBAC,B00FMEOJG0,1,1E18805-A29,5.28
18805A29127,127,7/26/17,,4S5LSBAC,B00FMEOJG0,1,1E18805-A29,5.28
18805A29128,128,7/26/17,,4S5LSBAC,B00FMEOJG0,1,1E18805-A29,5.28
18805A29129,129,7/26/17,,4S5LSBAC,B00FMEOJG0,1,1E18805-A29,5.28
18805A29130,130,7/26/17,,4S5LSBAC,B00FMEOJG0,1,1E18805-A29,5.28
18805A29131,131,7/26/17,,4S5LSBAC,B00FMEOJG0,1,1E18805-A29,5.28
18805A29132,132,7/26/17,,4S5LSBAC,B00FMEOJG0,1,1E18805-A29,5.28
18805A29133,133,7/26/17,,4S5LSBAC,B00FMEOJG0,1,1E18805-A29,5.28
18805A29134,134,7/26/17,,4S5LSBAC,B00FMEOJG0,1,1E18805-A29,5.28
18805A29135,135,7/26/17,,4S5LSBAC,B00FMEOJG0,1,1E18805-A29,5.28
18805A29136,136,7/26/17,,4S5LSBAC,B00FMEOJG0,1,1E18805-A29,5.28
18805A29137,137,7/26/17,,4S5LSBAC,B00FMEOJG0,1,1E18805-A29,5.28
18805A29138,138,7/26/17,,4S5LSBAC,B00FMEOJG0,1,1E18805-A29,5.28
18805A29139,139,7/26/17,,4S5LSBAC,B00FMEOJG0,1,1E18805-A29,5.28
18805A29140,140,7/26/17,,4S5LSBAC,B00FMEOJG0,1,1E18805-A29,5.28
18805A29141,141,7/26/17,,4S5LSBAC,B00FMEOJG0,1,1E18805-A29,5.28
18805A29142,142,7/26/17,,4S5LSBAC,B00FMEOJG0,1,1E18805-A29,5.28
18805A29143,143,7/26/17,,4S5LSBAC,B00FMEOJG0,1,1E18805-A29,5.28
18805A29144,144,7/26/17,,4S5LSBAC,B00FMEOJG0,1,1E18805-A29,5.28
18805A29145,145,7/26/17,,4S5LSBAC,B00FMEOJG0,1,1E18805-A29,5.28
18805A29146,146,7/26/17,,4S5LSBAC,B00FMEOJG0,1,1E18805-A29,5.28
18805A29147,147,7/26/17,,4S5LSBAC,B00FMEOJG0,1,1E18805-A29,5.28
18805A29148,148,7/26/17,,4S5LSBAC,B00FMEOJG0,1,1E18805-A29,5.28
18805A29149,149,7/26/17,,4S5LSBAC,B00FMEOJG0,1,1E18805-A29,5.28
18805A29150,150,7/26/17,,4S5LSBAC,B00FMEOJG0,1,1E18805-A29,5.28
18805A29151,151,7/26/17,,4S5LSBAC,B00FMEOJG0,1,1E18805-A29,5.28
18805A29152,152,7/26/17,,4S5LSBAC,B00FMEOJG0,1,1E18805-A29,5.28
18805A29153,153,7/26/17,,4S5LSBAC,B00FMEOJG0,1,1E18805-A29,5.28
18805A29154,154,7/26/17,,4S5LSBAC,B00FMEOJG0,1,1E18805-A29,5.28
18805A29155,155,7/26/17,,4S5LSBAC,B00FMEOJG0,1,1E18805-A29,5.28
18805A29156,156,7/26/17,,4S5LSBAC,B00FMEOJG0,1,1E18805-A29,5.28
18805A29157,157,7/26/17,,4S5LSBAC,B00FMEOJG0,1,1E18805-A29,5.28
18805A29158,158,7/26/17,,4S5LSBAC,B00FMEOJG0,1,1E18805-A29,5.28
18805A29159,159,7/26/17,,4S5LSBAC,B00FMEOJG0,1,1E18805-A29,5.28
18805A29160,160,7/26/17,,4S5LSBAC,B00FMEOJG0,1,1E18805-A29,5.28
18805A29161,161,7/26/17,,4S5LSBAC,B00FMEOJG0,1,1E18805-A29,5.28
18805A29162,162,7/26/17,,4S5LSBAC,B00FMEOJG0,1,1E18805-A29,5.28
18805A29163,163,7/26/17,,4S5LSBAC,B00FMEOJG0,1,1E18805-A29,5.28
18805A29164,164,7/26/17,,4S5LSBAC,B00FMEOJG0,1,1E18805-A29,5.28
18805A29165,165,7/26/17,,4S5LSBAC,B00FMEOJG0,1,1E18805-A29,5.28
18805A29166,166,7/26/17,,4S5LSBAC,B00FMEOJG0,1,1E18805-A29,5.28
18805A29167,167,7/26/17,,4S5LSBAC,B00FMEOJG0,1,1E18805-A29,5.28
18805A29168,168,7/26/17,,4S5LSBAC,B00FMEOJG0,1,1E18805-A29,5.28
18805A29169,169,7/26/17,,4S5LSBAC,B00FMEOJG0,1,1E18805-A29,5.28
18805A29170,170,7/26/17,,4S5LSBAC,B00FMEOJG0,1,1E18805-A29,5.28
18805A29171,171,7/26/17,,4S5LSBAC,B00FMEOJG0,1,1E18805-A29,5.28
18805A29172,172,7/26/17,,4S5LSBAC,B00FMEOJG0,1,1E18805-A29,5.28
18805A29173,173,7/26/17,,4S5LSBAC,B00FMEOJG0,1,1E18805-A29,5.28
18805A29174,174,7/26/17,,4S5LSBAC,B00FMEOJG0,1,1E18805-A29,5.28
18805A29175,175,7/26/17,,4S5LSBAC,B00FMEOJG0,1,1E18805-A29,5.28
18805A29176,176,7/26/17,,4S5LSBAC,B00FMEOJG0,1,1E18805-A29,5.28
18805A29177,177,7/26/17,,4S5LSBAC,B00FMEOJG0,1,1E18805-A29,5.28
18805A29178,178,7/26/17,,4S5LSBAC,B00FMEOJG0,1,1E18805-A29,5.28
18805A29179,179,7/26/17,,4S5LSBAC,B00FMEOJG0,1,1E18805-A29,5.28
18805A29180,180,7/26/17,,4S5LSBAC,B00MJLIW4O,4,1E18805-A29,7.80
18797A29019,19,7/26/17,,4L2CINBX,B0006GE5N6,24,1E18797-A29,0.48
18797A29020,20,7/26/17,,4L2CINBX,B0013U5PV0,10,1E18797-A29,20.00
18797A29021,21,7/26/17,,4L2CINBX,B0013U5PV0,10,1E18797-A29,20.00
18797A29022,22,7/26/17,,4L2CINBX,B0013U5PV0,10,1E18797-A29,20.00
18797A29023,23,7/26/17,,4L2CINBX,B0080Y2A3S,40,1E18797-A29,20.00
18797A29024,24,7/26/17,,4L2CINBX,B008YKLX5O,25,1E18797-A29,33.75
18797A29025,25,7/26/17,,4L2CINBX,B008YKLX5O,25,1E18797-A29,33.75
18797A29026,26,7/26/17,,4L2CINBX,B008YKLX5O,25,1E18797-A29,33.75
18797A29027,27,7/26/17,,4L2CINBX,B00BTIUFYS,25,1E18797-A29,38.75
18797A29028,28,7/26/17,,4L2CINBX,B00BTIUFYS,25,1E18797-A29,38.75
18797A29029,29,7/26/17,,4L2CINBX,B00BTIUFYS,25,1E18797-A29,38.75
18797A29030,30,7/26/17,,4L2CINBX,B00BTIUFYS,25,1E18797-A29,38.75
18797A29031,31,7/26/17,,4L2CINBX,B00BTIUFYS,25,1E18797-A29,38.75
18797A29032,32,7/26/17,,4L2CINBX,B00BTIUFYS,25,1E18797-A29,38.75
18797A29033,33,7/26/17,,4L2CINBX,B00MJLIW4O,4,1E18797-A29,7.80
18805A29181,181,7/26/17,,4S5LSBAC,B00UVAH192,4,1E18805-A29,6.60
18797A29034,34,7/26/17,,4L2CINBX,B00UVAH192,4,1E18797-A29,6.60
18797A29035,35,7/26/17,,4L2CINBX,B00UVAH192,4,1E18797-A29,6.60
18797A29036,36,7/26/17,,4L2CINBX,B00UVAH192,4,1E18797-A29,6.60
18797A29037,37,7/26/17,,4L2CINBX,B00UVAH192,4,1E18797-A29,6.60
18797A29038,38,7/26/17,,4L2CINBX,B00UVAH192,4,1E18797-A29,6.60
